,ùëΩùë¨ùëµ,ùëπùë®ùë¥,ùë®ùëµ,ùëπùë®,ùëπùë™,ùë≠ùë∞ùë¨,ùë¨ùë®,ùë¨ùë∑,ùë´ùë¨,ùúπùëΩùë¨ùëµ,ùúπùëπùë®ùë¥,ùúπùë®ùëµ,ùúπùëπùë®,ùúπùëπùë™,ùúπùë≠ùë∞ùë¨,ùúπùë¨ùë®,ùúπùë¨ùë∑,ùúπùë´ùë¨,OP
0,10,58. 693,28,1.97,1.17,737.12,111.53,1.91,8,0,0,0,0,0,0,0,0,0,441
19,9.938,58.60471,27.938,1.97217,1.17217,737.9144,108.531,1.90752,7.93,0.120156,0.243649,0.120156,0.000147,0.000147,19.28394,282.4505,0.000192,0.120156,426
38,9.969,58.70044,27.969,1.97093,1.17031,737.8505,110.0594,1.90907,7.96,0.030039,0.00173,0.030039,2.7E05,3E-06,16.2701,68.24431,2.7E05,0.030039,423
57,9.858,58.49079,27.858,1.9 7497,1.1 7497,738.9279,104.6523,1.9 0432,7.85,0.263836,0.535,0.263836,0.000323,0.000323,42.34328,620.1988,0.000422,0.263836,420
76,9.817,58.08392,27.655,1.95537,1.16195,732.0017,106.0496,1.8894,7.83,0.15415,0.522389,0.208784,0.000483,0.000259,78.1962,342.5482,0.000506,0.15129,422
95,9.929,58.71004,27.929,1.97213,1.17071,738.7814,108.1529,1.90787,7.92,0.065959,0.003799,0.065959,5.94E-05,6.6E06,35.72554,149.8494,5.94E-05,0.065959,427
114,9.796,58.4025,27.796,1.97714,1.17714,739.7134,101.6463,1.90184,7.79,0.366384,0.742945,0.366384,0.000449,0.000449,58.8013,861.2582,0.000586,0.366384,420
133,9.827,58.49823,27.827,1.9759,1.17528,739.6494,103.1747,1.90339,7.82,0.285071,0.539739,0.285071,0.000341,0.000323,56.01766,668.0976,0.000439,0.285071,427
152,9.867,58.62175,27.867,1.9743,1.17288,739.5668,105.1468,1.90539,7.86,0.177311,0.250458,0.177311,0.000197,0.000151,52.41377,411.9544,0.000241,0.177311,427
171,9.898,58.71748,27.898,1.97306,1.17102,739.5028,106.6753,1.90694,7.89,0.091596,0.005276,0.091596,8.24E-05,9.16E-06,49.61137,208.093,8.24E-05,0.091596,438
190,9.742,58.32561,27.742,1.97903,1.17903,740.3975,99.02813,1.89968,7.74,0.449436,0.911356,0.449436,0.000551,0.000551,72.13038,1056.488,0.000719,0.449436,421
209,9.805,58.64472,27.877,1.98595,1.18213,743.3834,100.6148,1.90855,7.79,0.385527,0.804125,0.39638,0.000526,0.00047,80.19255,900.95,0.000656,0.384964,408
228,9.917,59.27084,28.151,2.00271,1.19089,750.163,102.7181,1.92702,7.89,0.326621,1.132214,0.442423,0.001031,0.00056,166.16,726.5639,0.001078,0.320601,425
247,9.876,58.86396,27.948,1.98311,1.17787,743.2368,104.1154,1.9121,7.86,0.200766,0.308483,0.211659,0.000279,0.000174,74.00922,461.7341,0.000318,0.200198,439
266,9.871,58.72396,27.871,1.97387,1.17129,740.1312,105.3883,1.90613,7.87,0.112359,0.006472,0.112359,0.000101,1.12E-05,60.85729,255.2636,0.000101,0.112359,447
285,9.662,58.21169,27.662,1.98183,1.18183,741.411,95.14941,1.89648,7.66,0.561756,1.139115,0.561756,0.000688,0.000688,90.15672,1320.519,0.000899,0.561756,432
304,9.621,57.80481,27.459,1.96223,1.16881,734.4848,96.54671,1.88156,7.63,0.470286,1.190487,0.524349,0.000875,0.000659,127.6335,1086.752,0.001015,0.46749,422
323,9.765,58.65432,27.837,1.98715,1.18253,744.3143,98.70827,1.90735,7.75,0.405196,0.811768,0.416025,0.000541,0.000468,94.88634,945.0216,0.000669,0.404635,426
342,9.796,58.75004,27.868,1.98591,1.18067,744.2503,100.2367,1.9089,7.78,0.32823,0.605307,0.339078,0.000438,0.000345,92.31049,762.0583,0.000528,0.327668,427
361,9.719,58.10744,27.557,1.95831,1.16293,734.2825,101.3785,1.88646,7.73,0.223908,0.531536,0.278257,0.000545,0.000263,119.3642,500.8272,0.000565,0.22108,433
380,9.831,58.73356,27.831,1.97507,1.17169,741.0621,103.4818,1.90493,7.83,0.140439,0.008089,0.140439,0.000126,1.4E05,76.06633,319.0573,0.000126,0.140439,453
399,9.6,58.123,27.6,1.984,1.184,742.19,92.143,1.894,7.6,0.64,1.2977,0.64,0.0007,0.0007,102.71,1504.4,0.0010,0.64,447
418,9.631,58.21913,27.631,1.98276,1.18214,742.1324,93.67182,1.89555,7.63,0.570839,1.148008,0.570839,0.000693,0.000684,100.2483,1340.335,0.000901,0.570839,421
437,9.671,58.34265,27.671,1.98116,1.17974,742.0499,95.64398,1.89755,7.67,0.478759,0.927675,0.478759,0.000571,0.000544,97.05439,1121.674,0.000734,0.478759,421
456,9.734,58.66176,27.806,1.98808,1.18284,745.0357,97.23068,1.90642,7.72,0.418247,0.817565,0.429059,0.000551,0.000466,105.0867,974.1968,0.000677,0.417688,421
475,9.729,58.52175,27.729,1.97884,1.17626,741.9301,98.50362,1.90045,7.72,0.339559,0.553993,0.339559,0.000386,0.000322,92.39903,790.7987,0.000479,0.339559,424
494,9.769,58.64527,27.769,1.97724,1.17386,741.8476,100.4758,1.90245,7.76,0.239639,0.258901,0.239639,0.000252,0.000154,89.17173,553.0797,0.000293,0.239639,427
513,9.8,58. 741,27.8,1.976,1.172,741.78,102.00,1.904,7.8,0.16,0.0092,0.16,0.0001,0.0000,86.661,363.49,0.0001,0.16,438
532,9.538,58.03511,27.538,1.98617,1.18617,742.9818,89.13739,1.89152,7.53,0.710556,1.440848,0.710556,0.00087,0.00087,114.0378,1670.303,0.001137,0.710556,431
551,9.569,58.13084,27.569,1.98493,1.18431,742.9179,90.66582,1.89307,7.56,0.645239,1.307983,0.645239,0.000785,0.000778,111.6724,1515.38,0.001021,0.645239,419
570,9.681,58.75697,27.843,2.00169,1.19307,749.6975,92.7691,1.91154,7.66,0.588735,1.438389,0.643445,0.001021,0.000794,157.1652,1363.63,0.001196,0.585925,421
589,9.64,58.350,27.64,1.982,1.180,742.77,94.166,1.896,7.6,0.4 884,0.9346,0.4 884,0.0005,0.0005,106.22,1142.9,0.0007,0.4 884,422
608,9.667,58.43346,27.667,1.98101,1.17843,742.7156,95.49761,1.89797,7.66,0.426111,0.767404,0.426111,0.000495,0.000442,104.1409,994.8923,0.000624,0.426111,423
627,9.779,59.05959,27.941,1.99777,1.18719,749.4952,97.60089,1.91644,7.76,0.364819,0.839737,0.419814,0.00072,0.000434,149.6472,831.0958,0.000787,0.361977,430
646,9.738,58.65271,27.738,1.97817,1.17417,742.569,98.99819,1.90152,7.73,0.255356,0.261341,0.255356,0.000265,0.000155,98.63327,588.6363,0.000306,0.255356,442
665,9.769,58.74844,27.769,1.97693,1.17231,742.5051,100.5266,1.90307,7.76,0.177639,0.010232,0.177639,0.00016,1.78E-05,96.21506,403.5704,0.00016,0.177639,459
684,9.458,57.92119,27.458,1.98897,1.18897,743.9953,85.25867,1.88832,7.45,0.790236,1.602422,0.790236,0.000968,0.000968,126.8257,1857.606,0.001264,0.790236,427
703,9.417,57.51432,27.255,1.96937,1.17595,737.0691,86.65598,1.8734,7.43,0.716992,1.718899,0.77046,0.001182,0.000974,165.8747,1667.789,0.001413,0.714262,416
722,9.529,58.14044,27.529,1.98613,1.18471,743.8488,88.75926,1.89187,7.52,0.649159,1.320988,0.649159,0.000784,0.000771,121.6931,1523.035,0.001015,0.649159,414
741,9.56,58.236,27.56,1.984,1.182,743.78,90.287,1.893,7.5,0.5 844,1.1679,0.5 844,0.0006,0.0006,119.43,1369.2,0.0008,0.5 844,416
760,9.483,57.59356,27.249,1.95729,1.16511,733.817,91.42949,1.87098,7.50,0.508656,1.507045,0.620395,0.001236,0.00077,205.0474,1154.773,0.001337,0.502913,416
779,9.627,58.44306,27.627,1.98221,1.17883,743.6465,93.59105,1.89677,7.62,0.437871,0.774599,0.437871,0.000503,0.000439,114.5382,1020.972,0.00063,0.437871,420
798,9.658,58.53879,27.658,1.98097,1.17697,743.5825,95.11947,1.89832,7.65,0.367036,0.563628,0.367036,0.000408,0.000319,112.2579,852.4345,0.000498,0.367036,435
817,9.617,58.13192,27.455,1.96137,1.16395,736.6563,96.51678,1.8834,7.63,0.275931,0.539872,0.329982,0.000591,0.000265,151.0639,618.8035,0.000607,0.273136,428
836,9.729,58.75804,27.729,1.97813,1.17271,743.436,98.62006,1.90187,7.72,0.197559,0.011379,0.197559,0.000178,1.98E-05,107.0044,448.8258,0.000178,0.197559,429
855,9.436,58.06768,27.508,1.99902,1.19582,747.7293,82.69881,1.89348,7.42,0.846056,1.76647,0.856696,0.001098,0.001057,144.4666,1985.597,0.001409,0.845517,423
874,9.467,58.1634,27.539,1.99778,1.19396,747.6653,84.22724,1.89503,7.45,0.789407,1.671876,0.800065,0.001025,0.000983,142.326,1851.376,0.00131,0.788866,414
893,9.507,58.28692,27.579,1.9 9618,1.1 9156,747.5827,86.1994,1.8 9703,7.49,0.713483,1.522846,0.724164,0.000926,0.000878,139.5519,1671.312,0.001177,0.712939,414
912,9.538,58.382,27.61,1.994,1.189,747.51,87.727,1.898,7.5,0.6524,1.3864,0.6631,0.0008,0.0007,137.39,1526.4,0.0010,0.6519,419
931,9.533,58.24265,27.533,1.9857,1.18312,744.4132,89.00075,1.89261,7.53,0.586911,1.17539,0.586911,0.000698,0.000669,125.3033,1374.259,0.000895,0.586911,423
950,9.573,58.36617,27.573,1.9841,1.18072,744.3306,90.97291,1.89461,7.57,0.502671,0.949248,0.502671,0.000585,0.000534,122.486,1174.022,0.000741,0.502671,410
969,9.636,58.68528,27.708,1.99102,1.18382,747.3165,92.55961,1.90348,7.62,0.446914,0.835166,0.457669,0.000571,0.000459,130.5129,1037.822,0.000691,0.446362,415
988,9.667,58. 781,27.739,1.98978,1.18196,747.2525,94.08804,1.90503,7.65,0.377915,0.622802,0.388687,0.000478,0.00034,128.3197,873.5791,0.000562,0.37736,413
1007,9.707,58.90452,27.779,1.98818,1.17956,747.1699,96.0602,1.90703,7.69,0.286054,0.32181,0.29685,0.000353,0.000177,125.4778,654.7766,0.000388,0.285497,418
1026,9.738,59. 000,27.81,1.986,1.177,747.10,97. 588,1.908,7.7,0.2 126,0.0 676,0.2 234,0.0 002,4.32E-,123.26,479.87,0.0 002,0.2 121,416
1045,9.342,57.75601,27.342,1.99303,1.19303,745.4649,79.63453,1.88368,7.34,0.883036,1.790599,0.883036,0.001082,0.001082,141.7192,2075.751,0.001413,0.883036,415
1064,9.16,57.666,27.16,1.998,1.196,748.85,70.894,1.877,7.1,0.8 724,1.9453,0.8 724,0.0010,0.0010,154.69,2049.5,0.0013,0.8 724,401
1083,9.129,57.57084,27.129,2.00013,1.19871,748.9162,69.36566,1.87587,7.12,0.912359,1.989288,0.912359,0.001116,0.001143,156.3037,2143.997,0.001459,0.912359,405
1102,9.017,56.94472,26.855,1.98337,1.18995,742.1365,67.26238,1.8574,7.03,0.956954,2.26068,1.009256,0.001485,0.001293,201.7339,2234.035,0.001803,0.954354,411
1121,9.058,57.35159,27.058,2.00297,1.20297,749.0627,65.86507,1.87232,7.05,0.996636,2.020955,0.996636,0.001221,0.001221,159.951,2342.791,0.001595,0.996636,415
1140,9.569,58.79644,27.569,1.98293,1.17431,747.1597,90.99382,1.89707,7.56,0.245239,0.014126,0.245239,0.000221,2.45E-05,132.8294,557.1479,0.000221,0.245239,417
1159,9.538,58.70071,27.538,1.98417,1.17617,747.2236,89.46539,1.89552,7.53,0.310556,0.274425,0.310556,0.000311,0.000154,134.652,713.0735,0.000349,0.310556,412
1178,9.579,59.10759,27.741,2.00377,1.18919,754.1498,88.06809,1.91044,7.56,0.401574,0.864808,0.455987,0.000747,0.000424,184.1785,912.9631,0.000801,0.398797,413
1197,9.467,58.48146,27.467,1.98701,1.18043,747.3702,85.96481,1.89197,7.46,0.452911,0.801536,0.452911,0.000507,0.000424,138.7954,1052.589,0.000624,0.452911,411
1216,9.44,58.398,27.44,1.988,1.182,747.42,84.633,1.890,7.4,0.5 044,0.9767,0.5 044,0.0005,0.0005,140.35,1175.2,0.0007,0.5 044,411
1235,9.481,58.80497,27.643,2.00769,1.19507,754.3521,83.2363,1.90554,7.46,0.586643,1.492251,0.64077,0.001001,0.00076,189.8305,1354.205,0.001152,0.583898,406
1254,9.369,58.17884,27.369,1.99093,1.18631,747.5725,81.13302,1.88707,7.36,0.632839,1.371166,0.632839,0.00075,0.000737,144.4439,1480.955,0.000962,0.632839,410
1273,9.338,58.08311,27.338,1.99217,1.18817,747.6364,79.60459,1.88552,7.33,0.685756,1.513222,0.685756,0.00082,0.000822,146.2136,1606.738,0.001059,0.685756,401
1292,9.379,58.48999,27.541,2.01177,1.20119,754.5626,78.20729,1.90044,7.36,0.75905,1.952525,0.812879,0.001232,0.001038,195.6271,1764.314,0.001467,0.756338,398
1311,9.267,57.86386,27.267,1.99501,1.19243,747.783,76.10401,1.88197,7.26,0.799711,1.769517,0.799711,0.00097,0.00099,150.2361,1877.216,0.001263,0.799711,400
1330,9.24,57.780,27.24,1.996,1.194,747.83,74.772,1.880,7.2,0.8 404,1.8417,0.8 404,0.0010,0.0010,151.75,1973.6,0.0013,0.8 404,398
1349,9.281,58.18737,27.443,2.01569,1.20707,754.7649,73.3755,1.89554,7.26,0.905272,2.209531,0.958815,0.001423,0.001234,201.1136,2111.123,0.001721,0.902592,401
1368,9.169,57.56124,27.169,1.99893,1.19831,747.9853,71.27222,1.87707,7.16,0.940439,1.965347,0.940439,0.001151,0.001162,155.7176,2210.292,0.001504,0.940439,409
1387,9.138,57.46551,27.138,2.00017,1.20017,748.0492,69.74379,1.87552,7.13,0.980956,1.989159,0.980956,0.001202,0.001202,157.4345,2305.932,0.00157,0.980956,418
1406,9.6,58. 789,27.6,1.982,1.174,746.43,92.471,1.898,7.6,0.24,0.0138,0.24,0.0002,0.0000,129.99,545.24,0.0002,0.24,419
1425,9.569,58.69327,27.569,1.98324,1.17586,746.5022,90.94298,1.89645,7.56,0.307239,0.272699,0.307239,0.000309,0.000154,131.9067,705.688,0.000347,0.307239,411
1444,9.529,58.56975,27.529,1.98484,1.17826,746.5847,88.97082,1.89445,7.52,0.391159,0.579649,0.391159,0.000424,0.000313,134.3654,905.8066,0.000509,0.391159,411
1463,9.534,58.70976,27.606,1.99408,1.18484,749.6903,87.69788,1.90042,7.52,0.456433,0.852316,0.467129,0.000574,0.00045,145.9719,1057.884,0.000687,0.455887,412
1482,9.471,58.39065,27.471,1.98716,1.18174,746.7045,86.11118,1.89155,7.47,0.507159,0.970525,0.507159,0.000582,0.000521,137.9064,1182.161,0.000729,0.507159,408
1501,9.431,58.26713,27.431,1.98876,1.18414,746.787,84.13902,1.88955,7.43,0.583239,1.202715,0.583239,0.000684,0.000651,140.3317,1363.222,0.000871,0.583239,407
1520,9.4,58.171,27.4,1.99,1.186,746.85,82.610,1.888,7.4,0.64,1.3616,0.64,0.0007,0.0007,142.20,1498.1,0.0009,0.64,417
1539,9.369,58.07567,27.369,1.99124,1.18786,746.915,81.08218,1.88645,7.36,0.694839,1.502306,0.694839,0.000833,0.00083,144.064,1628.493,0.001076,0.694839,404
1558,9.329,57.95215,27.329,1.99284,1.19026,746.9975,79.11002,1.88445,7.32,0.762759,1.656684,0.762759,0.000922,0.00093,146.4546,1789.717,0.001198,0.762759,401
1577,9.334,58.09216,27.406,2.00208,1.19684,750.1031,77.83708,1.89042,7.32,0.814938,1.813736,0.825519,0.001052,0.001024,157.9735,1910.161,0.001344,0.814405,403
1596,9.271,57.77305,27.271,1.99516,1.19374,747.1173,76.25038,1.88155,7.27,0.855559,1.826331,0.855559,0.001043,0.001056,149.8967,2009.675,0.00136,0.855559,403
1615,9.231,57.64953,27.231,1.99676,1.19614,747.1998,74.27822,1.87955,7.23,0.915639,1.905949,0.915639,0.00112,0.001128,152.2538,2151.842,0.001462,0.915639,406
1634,9.2,57.553,27.2,1.998,1.198,747.26,72.749,1.878,7.2,0.96,1.9466,0.96,0.0011,0.0011,154.07,2256.6,0.0015,0.96,415
1653,9.631,58.78156,27.631,1.98107,1.17369,745.7167,93.94898,1.89893,7.63,0.232839,0.013412,0.232839,0.00021,2.33E-05,126.1132,528.9769,0.00021,0.232839,434
1672,9.519,58.15544,27.357,1.96431,1.16493,738.9371,91.8457,1.88046,7.53,0.306137,0.546741,0.359902,0.000617,0.000266,170.8088,687.2241,0.00063,0.303374,422
1691,9.596,58.79804,27.668,1.99191,1.18267,748.9049,90.70389,1.9029,7.58,0.391117,0.631616,0.401849,0.000487,0.000337,140.4784,902.8275,0.000568,0.390567,414
1710,9.565,58.70232,27.637,1.99315,1.18453,748.9689,89.17547,1.90135,7.55,0.455732,0.84723,0.466446,0.000575,0.000453,142.4609,1056.767,0.00069,0.455184,409
1729,9.421,57.85281,27.259,1.96823,1.17081,739.1394,87.01391,1.87556,7.43,0.512962,1.235005,0.566441,0.0 009,0.000637,177.1781,1180.199,0.001021,0.510231,409
1748,9.462,58.25969,27.462,1.98783,1.18383,746.0656,85.61661,1.89048,7.46,0.586556,1.194537,0.586556,0.00069,0.000657,136.9564,1371.577,0.000881,0.586556,405
1767,9.431,58.16396,27.431,1.98907,1.18569,746.1295,84.08818,1.88893,7.43,0.645239,1.352072,0.645239,0.000768,0.000751,138.9189,1511.065,0.000988,0.645239,403
1786,9.319,57.53784,27.157,1.97231,1.17693,739.3499,81.9849,1.87046,7.33,0.707645,1.755081,0.760827,0.001161,0.00095,183.7197,1643.259,0.001376,0.704947,409
1805,9.396,58.18044,27.468,1.9 9991,1.1 9467,749.3177,80.84309,1.8 929,7.38,0.774323,1.701654,0.78494,0.001,0.000963,153.1259,1814.151,0.001274,0.773786,401
1824,9.365,58.08472,27.437,2.00115,1.19653,749.3817,79.31467,1.89135,7.35,0.826588,1.799498,0.837187,0.001068,0.001034,155.0558,1938.068,0.001365,0.826053,405
1843,9.221,57.23521,27.059,1.97623,1.18281,739.5522,77.15311,1.86556,7.23,0.874917,2.06618,0.927814,0.00138,0.00118,189.9205,2040.086,0.001669,0.872251,407
1862,9.262,57.64209,27.262,1.99583,1.19583,746.4784,75.75581,1.88048,7.26,0.931356,1.888581,0.931356,0.001141,0.001141,149.4742,2189.337,0.00149,0.931356,416
1881,9.671,58.77196,27.671,1.97987,1.17329,744.7858,95.85554,1.90013,7.67,0.220759,0.012716,0.220759,0.000199,2.21E-05,119.5703,501.5329,0.000199,0.220759,421
1900,9.676,58.91196,27.748,1.98911,1.17987,747.8914,94.58261,1.9061,7.66,0.295524,0.323899,0.306302,0.000361,0.000177,131.574,676.1576,0.000395,0.294969,420
1919,9.717,59.31884,27.951,2.00871,1.19289,754.8176,93.18531,1.92102,7.69,0.402372,1.159957,0.516958,0.001096,0.000554,222.5513,897.646,0.001126,0.396488,429
1938,9.605,58.69272,27.677,1.99195,1.18413,748.038,91.08203,1.90255,7.59,0.451999,0.840505,0.462736,0.000574,0.000456,136.3986,1048.9,0.000692,0.451449,426
1957,9.542,58.37361,27.542,1.98503,1.18103,745.0521,89.49533,1.89368,7.54,0.506236,0.955841,0.506236,0.000586,0.00053,128.3647,1181.496,0.000739,0.506236,418
1976,9.583,58.78049,27.745,2.00463,1.19405,751.9783,88.09803,1.9086,7.56,0.597616,1.465352,0.65204,0.00102,0.000778,178.5366,1381.517,0.001184,0.594838,415
1995,9.471,58.15436,27.471,1.98787,1.18529,745.1986,85.99474,1.89013,7.47,0.649159,1.339518,0.649159,0.000777,0.000759,133.1446,1521.221,0.001001,0.649159,415
2014,9.476,58.29436,27.548,1.99711,1.19187,748.3042,84.72181,1.8961,7.46,0.710602,1.534088,0.721265,0.000919,0.00087,145.0549,1663.669,0.001165,0.71006,414
2033,9.517,58.70124,27.751,2.01671,1.20489,755.2304,83.32451,1.91102,7.49,0.799164,2.214708,0.912533,0.001631,0.001195,235.9469,1842.046,0.001848,0.793415,411
2052,9.405,58.07512,27.477,1.99995,1.19613,748.4508,81.22123,1.89255,7.39,0.838791,1.780962,0.849413,0.001086,0.001047,149.759,1967.651,0.001391,0.838253,421
2071,9.217,57.56232,27.055,1.97537,1.17795,741.7237,77.12318,1.8674,7.23,0.677333,1.791555,0.730218,0.00112,0.000924,191.1444,1570.965,0.00132,0.674668,419
2090,9.329,58.18844,27.329,1.99213,1.18671,748.5034,79.22646,1.88587,7.32,0.620759,1.38325,0.620759,0.000734,0.000728,145.7985,1452.261,0.000942,0.620759,421
2109,9.36,58.284,27.36,1.990,1.184,748.43,80.754,1.887,7.3,0.5 684,1.2210,0.5 684,0.0006,0.0006,144.13,1327.6,0.0008,0.5 684,421
2128,9.283,57.64156,27.049,1.96329,1.16711,738.4716,81.89669,1.86498,7.30,0.510648,1.549901,0.62117,0.001226,0.000744,233.4527,1156.388,0.001304,0.50504,422
2147,9.427,58.49106,27.427,1.98821,1.18083,748.3011,84.05825,1.89077,7.427,0.448671,0.807809,0.448671,0.0 005,0.000419,140.5266,1042.318,0.000615,0.448671,412
2166,9.458,58.58679,27.458,1.98697,1.17897,748.2371,85.58667,1.89232,7.45,0.390236,0.587648,0.390236,0.00042,0.000307,138.8419,902.9215,0.000502,0.390236,421
2185,9.417,58.17992,27.255,1.96737,1.16595,741.3109,86.98398,1.8774,7.43,0.316992,0.552705,0.37046,0.000626,0.000264,180.2109,711.6745,0.000635,0.314262,424
2204,9.529,58.80604,27.529,1.98413,1.17471,748.0906,89.08726,1.89587,7.52,0.249159,0.014352,0.249159,0.000224,2.49E-05,134.9526,566.0536,0.000224,0.249159,433
2223,8.964,57.03992,26.892,1.99698,1.20018,746.7983,62.80079,1.86252,6.97,0.997291,2.071931,1.007617,0.001284,0.001243,168.8081,2341.359,0.001649,0.996781,413
2242,9.027,57.35903,27.027,2.0039,1.20328,749.7842,64.38749,1.87139,7.02,0.968271,2.042645,0.968271,0.001187,0.001203,159.0016,2276.067,0.001552,0.968271,412
2261,9.067,57.48255,27.067,2.0023,1.20088,749.7016,66.35965,1.87339,7.06,0.924511,2.034791,0.924511,0.001133,0.001165,157.0712,2172.912,0.001482,0.924511,402
2280,9.098,57.57828,27.098,2.00106,1.19902,749.6376,67.88807,1.87494,7.09,0.888396,2.007716,0.888396,0.001087,0.001128,155.5657,2087.618,0.001423,0.888396,398
2299,9.093,57.43828,27.021,1.99182,1.19244,746.5321,69. 161,1.86897,7.10,0.85162,2.008946,0.862021,0.001102,0.001105,162.5339,1997.604,0.001414,0.851102,395
2318,9.133,57.5618,27.061,1.99022,1.19004,746.4495,71.13316,1.87097,7.14,0.799664,1.924697,0.810088,0.001035,0.001038,160.5596,1874.515,0.001325,0.799143,396
2337,9.196,57.8809,27.196,1.99714,1.19314,749.4354,72.71986,1.87984,7.19,0.761584,1.801573,0.761584,0.000923,0.000964,150.7527,1787.245,0.001203,0.761584,400
2356,9.227,57.97663,27.227,1.9959,1.19128,749.3714,74.24829,1.88139,7.22,0.717471,1.698232,0.717471,0.000865,0.000898,149.2131,1682.508,0.001124,0.717471,399
2375,9.267,58. 10015,27.267,1.9943,1.18888,749.2888,76. 22045,1.88339,7.26,0.6 57711,1.5 37806,0.6 57711,0.0 00785,0.0 00803,147.2145,1540.46,0.0 01014,0.6 57711,408
2394,9.298,58.19588,27.298,1.99306,1.18702,749.2248,77.74887,1.88494,7.29,0.609196,1.392488,0.609196,0.00072,0.000721,145.6562,1425.022,0.000924,0.609196,407
2413,9.293,58.05588,27.221,1.98382,1.18044,746.1193,79.0218,1.87897,7.30,0.559712,1.281334,0.570228,0.000715,0.000654,152.5252,1304.059,0.000885,0.559181,407
2432,9.333,58.1794,27.261,1.98222,1.17804,746.0367,80.99396,1.88097,7.34,0.491691,1.043902,0.502231,0.000622,0.000529,150.4823,1141.92,0.000755,0.491158,414
2451,9.396,58.4985,27.396,1.98914,1.18114,749.0226,82.58066,1.88984,7.39,0.443184,0.812544,0.443184,0.000493,0.000416,140.6762,1029.358,0.000606,0.443184,414
2470,9.427,58.59423,27.427,1.9879,1.17928,748.9586,84.10909,1.89139,7.42,0.386671,0.590959,0.386671,0.000415,0.000305,139.0838,894.4783,0.000496,0.386671,423
2489,9.467,58.71775,27.467,1.9863,1.17688,748.876,86.08125,1.89339,7.46,0.310911,0.277961,0.310911,0.00031,0.000152,137.0171,713.5359,0.000346,0.310911,414
2508,9.462,58.577,27.39,1.977,1.170,745.77,87.354,1.887,7.4,0.2504,0.0694,0.2610,0.0002,4.69E-,143.80,565.81,0.0002,0.2498,422
2527,8.942,57.18641,26.942,2.00703,1.20703,750.5323,60.24093,1.86768,6.94,0.996636,2.020955,0.996636,0.001221,0.001221,159.951,2342.791,0.001595,0.996636,407
2546,8.973,57.28214,26.973,2.00579,1.20517,750.4683,61.76935,1.86923,6.97,0.968271,2.050578,0.968271,0.001187,0.001206,158.5518,2276.2,0.001553,0.968271,406
2565,9.117,58.13164,27.351,2.03071,1.21889,760.2978,63.93091,1.89502,7.09,0.955867,2.656748,1.066803,0.001844,0.001443,255.0444,2215.084,0.002113,0.950389,402
2584,9.076,57.72476,27.148,2.01111,1.20587,753.3716,65.32821,1.8801,7.06,0.901719,2.113401,0.912152,0.001168,0.001176,164.9489,2116.39,0.001503,0.901202,405
2603,9.071,57.58476,27.071,2.00187,1.19929,750.266,66.60114,1.87413,7.07,0.865959,2.023676,0.865959,0.00106,0.001115,154.0748,2034.956,0.001389,0.865959,403
2622,9.183,58.21089,27.345,2.01863,1.20805,757.0457,68.70443,1.8926,7.16,0.836458,2.263047,0.889716,0.001341,0.001192,199.5781,1949.463,0.001615,0.83381,397
2641,9.142,57.80401,27.142,1.99903,1.19503,750.1195,70.10173,1.87768,7.14,0.779836,1.889766,0.779836,0.000949,0.001006,150.7801,1831.009,0.001241,0.779836,395
2660,9.205,58.12312,27.277,2.00595,1.19813,753.1054,71.68843,1.88655,7.19,0.745903,1.871805,0.75641,0.000967,0.000978,158.9803,1747.329,0.001235,0.745378,399
2679,9.317,58.74924,27.551,2.02271,1.20689,759.885,73.79171,1.90502,7.29,0.716995,2.296422,0.829148,0.001529,0.001134,245.778,1648.184,0.001707,0.711382,399
2698,9.276,58.34236,27.348,2.00311,1.19387,752.9588,75.18901,1.8901,7.26,0.646001,1.603967,0.656548,0.000834,0.000818,155.635,1509.821,0.001052,0.645471,401
2717,9.271,58.20236,27.271,1.99387,1.18729,749.8532,76.46194,1.88413,7.27,0.597559,1.400444,0.597559,0.000706,0.000714,144.6841,1397.74,0.000907,0.597559,409
2736,9.383,58.82849,27.545,2.01063,1.19605,756.6329,78.56523,1.9026,7.36,0.556677,1.516976,0.610518,0.000965,0.000741,190.161,1283.837,0.001105,0.553964,413
2755,9.342,58.42161,27.342,1.99103,1.18303,749.7067,79.96253,1.88768,7.34,0.483036,0.995719,0.483036,0.00055,0.000502,141.2685,1124.756,0.000687,0.483036,408
2774,9.405,58.74072,27.477,1.99795,1.18613,752.6926,81.54923,1.89655,7.39,0.438791,0.872295,0.449413,0.00055,0.000435,149.4474,1015.828,0.000655,0.438253,412
2793,9.517,59.36684,27.751,2.01471,1.19489,759.4722,83.65251,1.91502,7.49,0.399164,1.183153,0.512533,0.001089,0.000541,236.1753,889.3422,0.001103,0.393415,415
2812,9.44,58.72423,27.44,1.98711,1.17715,749.5044,84.79432,1.89258,7.44,0.3 084,0.279154,0.3 084,0.000307,0.000151,136.4833,707.7004,0.000343,0.3 084,410
2831,9.471,58.81996,27.471,1.98587,1.17529,749.4404,86.32274,1.89413,7.47,0.249159,0.014352,0.249159,0.000224,2.49E-05,134.9526,566.0536,0.000224,0.249159,413
2850,8.862,57.07249,26.862,2.00983,1.20983,751.5458,56.36221,1.86448,6.86,0.980956,1.989159,0.980956,0.001202,0.001202,157.4345,2305.932,0.00157,0.980956,412
2869,8.821,56.66561,26.659,1.99023,1.19681,744.6196,57.75951,1.84956,6.83,0.956669,2.287144,1.008398,0.00149,0.001305,200.3883,2234.426,0.001806,0.954132,404
2888,8.933,57.29174,26.933,2.00699,1.20557,751.3992,59.86279,1.86803,6.93,0.924511,2.079879,0.924511,0.001136,0.001182,154.5149,2173.669,0.00149,0.924511,397
2907,8.996,57.61084,27.068,2.01391,1.20867,754.3851,61.44949,1.8769,6.98,0.901696,2.151708,0.912082,0.001171,0.001191,162.7896,2117.029,0.001509,0.901185,396
2926,8.919,56.96824,26.757,1.98631,1.19093,744.4173,62.5913,1.85446,6.93,0.868502,2.323898,0.920518,0.001381,0.001242,196.2559,2026.698,0.001672,0.865933,394
2945,9.031,57.59436,27.031,2.00307,1.19969,751.1969,64.69458,1.87293,7.03,0.830039,2.047166,0.830039,0.001018,0.001095,150.4145,1950.849,0.001338,0.830039,392
2964,9.062,57.69009,27.062,2.00183,1.19783,751.133,66.22301,1.87448,7.06,0.796156,1.998685,0.796156,0.000975,0.001054,149.1004,1870.644,0.00128,0.796156,393
2983,9.021,57.28321,26.859,1.98223,1.18481,744.2068,67.62031,1.85956,7.03,0.756153,2.165872,0.808466,0.001235,0.001102,191.8672,1760.454,0.001481,0.753551,398
3002,9.165,58.13272,27.237,2.00715,1.19853,754.0363,69.78187,1.88535,7.15,0.717764,1.889423,0.728248,0.000935,0.000963,155.6457,1681.542,0.001195,0.717242,406
3021,9.196,58.22844,27.268,2.00591,1.19667,753.9723,71.31029,1.8869,7.18,0.67785,1.782426,0.688351,0.000881,0.000899,154.309,1586.648,0.001122,0.677325,410
3040,9.119,57. 58584,26.957,1.97831,1.17893,744.0045,72. 4521,1.86446,7.13,0.6 28434,1.8 2546,0.6 81032,0.0 01064,0.0 00896,187.5663,1456.578,0.0 01248,0.6 258,404
3059,9.231,58.21196,27.231,1.99507,1.18769,750.7841,74.55538,1.88293,7.23,0.577639,1.412076,0.577639,0.000684,0.000704,141.7924,1351.234,0.000879,0.577639,403
3078,9.262,58.30769,27.262,1.99383,1.18583,750.7202,76.08381,1.88448,7.26,0.531356,1.245351,0.531356,0.00062,0.000618,140.4254,1240.886,0.00079,0.531356,404
3097,9.221,57.90081,27.059,1.97423,1.17281,743.794,77.48111,1.86956,7.23,0.474917,1.274874,0.527814,0.000852,0.000608,183.0022,1090.262,0.000954,0.472251,409
3116,9.365,58.75032,27.437,1.99915,1.18653,753.6235,79.64267,1.89535,7.35,0.426588,0.878103,0.437187,0.000537,0.000429,146.8783,987.4909,0.000639,0.426053,409
3135,9.258,57.96919,27.258,1.99497,1.19097,748.6499,75.72587,1.88232,7.25,0.733436,1.685731,0.733436,0.000884,0.000908,149.5669,1720.091,0.001148,0.733436,402
3154,9.227,57.87346,27.227,1.99621,1.19283,748.7139,74.19745,1.88077,7.22,0.779471,1.787649,0.779471,0.000945,0.000975,151.1987,1829.345,0.001231,0.779471,398
3173,9.083,57.02396,26.849,1.97129,1.17911,738.8844,72.03589,1.85498,7.10,0.831599,2.401058,0.940905,0.00166,0.001264,244.312,1920.518,0.001887,0.826127,397
3192,9.017,57.61032,26.855,1.98137,1.17995,746.3783,67.59038,1.8614,7.03,0.556954,1.859563,0.609256,0.000986,0.000866,172.6935,1290.758,0.001154,0.554354,424
3211,9.058,58.01719,27.058,2.00097,1.19297,753.3045,66.19307,1.87632,7.05,0.596636,1.764433,0.596636,0.000729,0.00084,128.9775,1400.828,0.00096,0.596636,418
3230,9.027,57.92146,27.027,2.00221,1.19483,753.3685,64.66465,1.87477,7.02,0.630271,1.87554,0.630271,0.000774,0.0 009,130.0137,1480.941,0.001024,0.630271,417
3249,8.883,57.07196,26.649,1.97729,1.18111,743.539,62.50309,1.84898,6.909,0.671511,2.499306,0.779599,0.001481,0.001182,224.9305,1547.576,0.00166,0.666173,415
3268,8.96,57.714,26.96,2.004,1.198,753.50,61.361,1.871,6.9,0.6 964,2.0530,0.6 964,0.0008,0.0010,132.22,1638.1,0.0011,0.6 964,412
3287,8.929,57.61884,26.929,2.00613,1.20071,753.5708,59.83286,1.86987,6.92,0.723959,2.106231,0.723959,0.000899,0.001044,133.2356,1703.472,0.001193,0.723959,410
3306,8.817,56.99272,26.655,1.98937,1.19195,746.7911,57.72958,1.8514,6.83,0.755856,2.388511,0.807574,0.001254,0.001187,179.4056,1764.134,0.001516,0.75332,413
3325,8.858,57.39959,26.858,2.00897,1.20497,753.7173,56.33227,1.86632,6.85,0.779836,2.158946,0.779836,0.000969,0.001105,135.5188,1835.525,0.001286,0.779836,404
3344,8.795,57.08048,26.723,2.00205,1.20187,750.7314,54.74557,1.85745,6.80,0.799567,2.195603,0.809796,0.001056,0.001139,145.253,1879.042,0.00137,0.799068,402
3363,8.683,56.45436,26.449,1.98529,1.19311,743.9518,52.64229,1.83898,6.70,0.830383,2.637748,0.937254,0.001688,0.001361,231.5518,1924.261,0.001919,0.82518,400
3382,8.76,57.096,26.76,2.012,1.210,753.91,51.500,1.861,6.7,0.8 404,2.0737,0.8 404,0.0010,0.0011,138.59,1977.5,0.0013,0.8 404,403
3401,8.729,57.00124,26.729,2.01413,1.21271,753.9836,49.97206,1.85987,6.72,0.855559,2.0 087,0.855559,0.001056,0.001123,139.5571,2012.735,0.001391,0.855559,407
3420,8.617,56.37512,26.455,1.99737,1.20395,747.2039,47.86878,1.8414,6.63,0.874037,2.147733,0.925172,0.001393,0.001217,185.7738,2041.289,0.001676,0.871566,406
3439,8.658,56.78199,26.658,2.01697,1.21697,754.1301,46.47147,1.85632,6.65,0.883036,1.790599,0.883036,0.001082,0.001082,141.7192,2075.751,0.001413,0.883036,418
3458,9.369,58.84444,27.369,1.98893,1.17631,751.8143,81.46102,1.89107,7.36,0.232839,0.013412,0.232839,0.00021,2.33E-05,126.1132,528.9769,0.00021,0.232839,421
3477,9.338,58.74871,27.338,1.99017,1.17817,751.8782,79.93259,1.88952,7.338,0.285756,0.2 829,0.285756,0.000285,0.000145,127.3401,655.7621,0.000319,0.285756,421
3496,9.379,59.15559,27.541,2.00977,1.19119,758.8044,78.53529,1.90444,7.36,0.35905,0.885313,0.412879,0.000703,0.000406,175.7692,814.7176,0.000745,0.356338,421
3515,9.267,58.52946,27.267,1.99301,1.18243,752.0248,76.43201,1.88597,7.26,0.399711,0.831059,0.399711,0.000446,0.000398,130.1193,928.5367,0.000551,0.399711,417
3534,9.204,58.21036,27.132,1.98609,1.17933,749.0389,74.84531,1.8771,7.21,0.44153,1.067763,0.451994,0.000567,0.000507,139.8998,1025.42,0.00069,0.441004,417
3553,9.281,58.85297,27.443,2.01369,1.19707,759.0067,73.7035,1.89954,7.26,0.505272,1.541547,0.558815,0.00091,0.000719,179.5552,1164.668,0.001037,0.502592,413
3572,9.169,58.22684,27.169,1.99693,1.18831,752.2271,71.60022,1.88107,7.16,0.540439,1.429741,0.540439,0.000643,0.000688,133.8848,1264.782,0.000831,0.540439,418
3591,9.138,58.13111,27.138,1.99817,1.19017,752.291,70.07179,1.87952,7.13,0.580956,1.580987,0.580956,0.000698,0.000765,135.0589,1361.424,0.000909,0.580956,411
3610,9.179,58.53799,27.341,2.01777,1.20319,759.2172,68.67449,1.89444,7.16,0.637245,2.031786,0.690492,0.001092,0.000972,183.4095,1479.758,0.001292,0.634598,409
3629,9.067,57.91186,27.067,2.00101,1.19443,752.4376,66.57121,1.87597,7.06,0.666511,1.85833,0.666511,0.000814,0.000916,137.7171,1565.162,0.001071,0.666511,411
3648,9.04,57.828,27.04,2.002,1.196,752.49,65.24,1.874,7.0,0.6 964,1.9385,0.6 964,0.0008,0.0009,138.71,1636.2,0.0011,0.6 964,405
3667,9.081,58.23537,27.243,2.02169,1.20907,759.4195,63.8427,1.88954,7.06,0.74462,2.317583,0.79758,0.001237,0.001145,187.03,1735.276,0.001487,0.742005,405
3686,8.969,57.60924,26.969,2.00493,1.20031,752.6399,61.73942,1.87107,6.96,0.768039,2.083211,0.768039,0.000948,0.001064,141.3157,1806.117,0.001252,0.768039,405
3705,8.938,57.51351,26.938,2.00617,1.20217,752.7038,60.21099,1.86952,6.93,0.796156,2.116214,0.796156,0.000984,0.001097,142.4369,1872.616,0.0 013,0.796156,410
3724,8.979,57.92039,27.141,2.02577,1.21519,759.63,58.81369,1.88444,6.96,0.836161,2.422266,0.888824,0.001355,0.001253,190.7121,1952.079,0.00164,0.833579,405
3743,8.835,57.07088,26.763,2.00085,1.20147,749.8005,56.65213,1.85865,6.84,0.851546,2.16663,0.861798,0.001115,0.001164,153.6342,2000.236,0.001441,0.851044,404
3762,8.84,57.210,26.84,2.010,1.208,752.90,55.379,1.864,6.8,0.8 724,2.0999,0.8 724,0.0010,0.0011,145.92,2052.1,0.0014,0.8 724,407
3781,8.881,57.61777,27.043,2.02969,1.22107,759.8323,53.9819,1.87954,6.86,0.904688,2.337625,0.957066,0.001438,0.001286,194.1671,2113.163,0.001739,0.902138,407
3800,8.769,56.99164,26.769,2.01293,1.21231,753.0527,51.87862,1.86107,6.76,0.915639,1.973822,0.915639,0.001125,0.001153,148.4057,2152.981,0.001474,0.915639,412
3819,8.738,56.89591,26.738,2.01417,1.21417,753.1166,50.35019,1.85952,6.73,0.931356,1.888581,0.931356,0.001141,0.001141,149.4742,2189.337,0.00149,0.931356,414
3838,9.4,58. 837,27.4,1.988,1.176,751.09,82.938,1.892,7.4,0.24,0.0138,0.24,0.0002,0.0000,129.99,545.24,0.0002,0.24,427
3857,9.369,58.74127,27.369,1.98924,1.17786,751.1568,81.41018,1.89045,7.36,0.294839,0.281888,0.294839,0.000294,0.000147,131.3111,676.5476,0.000328,0.294839,421
3876,9.329,58.61775,27.329,1.99084,1.18026,751.2393,79.43802,1.88845,7.32,0.362759,0.600697,0.362759,0.00039,0.000296,133.0012,839.0658,0.000466,0.362759,414
3895,9.298,58.52202,27.298,1.99208,1.18212,751.3033,77.90959,1.8869,7.29,0.413196,0.826785,0.413196,0.00046,0.000403,134.3017,959.6671,0.000567,0.413196,417
3914,9.271,58.43865,27.271,1.99316,1.18374,751.3591,76.57838,1.88555,7.27,0.455559,1.008767,0.455559,0.00052,0.00049,135.4277,1060.9,0.000652,0.455559,413
3933,9.231,58.31513,27.231,1.99476,1.18614,751.4416,74.60622,1.88355,7.23,0.515639,1.252815,0.515639,0.000603,0.000611,137.0845,1204.36,0.00077,0.515639,412
3952,9.2,58.219,27.2,1.996,1.188,751.50,73.077,1.882,7.2,0.56,1.4209,0.56,0.0006,0.0006,138.35,1310.1,0.0008,0.56,415
3971,9.169,58.12367,27.169,1.99724,1.18986,751.5696,71.54938,1.88045,7.16,0.602439,1.570785,0.602439,0.000722,0.000774,139.6255,1411.35,0.000937,0.602439,413
3990,9.129,58.00015,27.129,1.99884,1.19226,751.6521,69.57722,1.87845,7.12,0.654359,1.737021,0.654359,0.000792,0.000865,141.2475,1534.974,0.001035,0.654359,405
4009,9.134,58.14016,27.206,2.00808,1.19884,754.7577,68.30428,1.88442,7.12,0.693764,1.90295,0.70423,0.000907,0.000952,151.874,1625.576,0.001162,0.693244,403
4028,9.071,57.82105,27.071,2.00116,1.19574,751.7719,66.71758,1.87555,7.07,0.723959,1.923863,0.723959,0.000885,0.000977,143.5752,1700.412,0.001163,0.723959,404
4047,9.031,57.69753,27.031,2.00276,1.19814,751.8544,64.74542,1.87355,7.03,0.768039,2.015338,0.768039,0.000943,0.001039,145.1638,1804.978,0.001241,0.768039,399
4066,9,57.601,27,2.004,1.2,751.91,63. 217,1.872,7,0.8,2.0652,0.8,0.0009,0.0010,146.38,1880.6,0.0012,0.8,399
4085,8.969,57.50607,26.969,2.00524,1.20186,751.9824,61.68858,1.87045,6.96,0.830039,2.096822,0.830039,0.001022,0.001114,147.5992,1951.682,0.001346,0.830039,398
4104,8.929,57.38255,26.929,2.00684,1.20426,752.0649,59.71642,1.86845,6.92,0.865959,2.110486,0.865959,0.001067,0.001147,149.153,2036.412,0.001404,0.865959,406
4123,8.902,57.29918,26.902,2.00792,1.20588,752.1207,58.38521,1.8671,6.90,0.888396,2.10246,0.888396,0.001094,0.001163,150.1941,2089.207,0.001439,0.888396,405
4142,8.871,57.20345,26.871,2.00916,1.20774,752.1847,56.85678,1.86555,6.87,0.912359,2.076098,0.912359,0.001122,0.001175,151.3819,2145.453,0.001474,0.912359,408
4161,8.831,57.07993,26.831,2.01076,1.21014,752.2672,54.88462,1.86355,6.83,0.940439,2.015002,0.940439,0.001155,0.00118,152.9023,2211.125,0.001512,0.940439,408
4180,8.8,56.984,26.8,2.012,1.212,752.33,53.356,1.862,6.8,0.96,1.9466,0.96,0.0011,0.0011,154.07,2256.6,0.0015,0.96,412
4199,9.431,58.82956,27.431,1.98707,1.17569,750.3713,84.41618,1.89293,7.43,0.245239,0.014126,0.245239,0.000221,2.45E-05,132.8294,557.1479,0.000221,0.245239,420
4218,9.319,58.20344,27.157,1.97031,1.16693,743.5917,82.3129,1.87446,7.33,0.307645,0.557296,0.360827,0.000617,0.00026,178.5328,690.2368,0.000622,0.304947,421
4237,9.36,58.610,27.36,1.989,1.179,750.51,80.915,1.889,7.3,0.3 724,0.5977,0.3 724,0.0 004,0.0002,136.05,861.31,0.0004,0.3 724,429
4256,9.129,58.23644,27.129,1.99813,1.18871,753.158,69.69366,1.87987,7.12,0.512359,1.440903,0.512359,0.000613,0.000677,126.5733,1199.738,0.000796,0.512359,429
4275,9.124,58.09644,27.052,1.98889,1.18213,750.0524,70.96659,1.8739,7.13,0.473634,1.322262,0.484053,0.00062,0.000617,134.3331,1104.115,0.000773,0.473114,415
4294,9.083,57.68956,26.849,1.96929,1.16911,743.1262,72.36389,1.85898,7.10,0.431599,1.588088,0.540905,0.001144,0.000711,217.9641,973.8917,0.001198,0.426127,417
4313,9.227,58.53906,27.227,1.99421,1.18283,752.9557,74.52545,1.88477,7.22,0.379471,0.836411,0.379471,0.000426,0.000392,123.1844,881.9165,0.000528,0.379471,418
4332,9.258,58.63479,27.258,1.99297,1.18097,752.8917,76.05387,1.88632,7.25,0.333436,0.60706,0.333436,0.00036,0.000288,122.0954,771.6601,0.000434,0.333436,420
4351,9.217,58.22792,27.055,1.97337,1.16795,745.9655,77.45118,1.8714,7.23,0.277333,0.560889,0.330218,0.000589,0.000254,165.6375,621.1612,0.00059,0.274668,425
4370,9.329,58.85404,27.329,1.99013,1.17671,752.7452,79.55446,1.88987,7.32,0.220759,0.012716,0.220759,0.000199,2.21E-05,119.5703,501.5329,0.000199,0.220759,424
4389,8.636,56.92848,26.708,2.02702,1.22382,757.8641,43.91161,1.86148,6.62,0.845826,1.764383,0.856005,0.0 011,0.001059,144.7097,1985.519,0.001407,0.845338,421
4408,8.667,57.0242,26.739,2.02578,1.22196,757.8001,45.44004,1.86303,6.65,0.838579,1.887023,0.848775,0.001096,0.001088,143.8609,1969.39,0.001407,0.838088,412
4427,8.707,57.14772,26.779,2.02418,1.21956,757.7175,47.4122,1.86503,6.69,0.826398,2.018295,0.836618,0.001086,0.001117,142.7536,1941.703,0.001401,0.825905,407
4446,8.738,57.243,26.81,2.022,1.217,757.65,48.940,1.866,6.7,0.8147,2.0991,0.8250,0.0010,0.0011,141.88,1914.9,0.0013,0.8142,404
4465,8.733,57.10345,26.733,2.0137,1.21112,754.548,50.21355,1.86061,6.73,0.799711,2.095973,0.799711,0.000995,0.00111,131.7274,1882.693,0.001318,0.799711,404
4484,8.773,57.22697,26.773,2.0121,1.20872,754.4654,52.18571,1.86261,6.77,0.779471,2.151259,0.779471,0.000972,0.00111,130.5835,1835.446,0.001292,0.779471,402
4503,8.804,57.3227,26.804,2.01086,1.20686,754.4014,53.71414,1.86416,6.80,0.761584,2.173117,0.761584,0.000951,0.001102,129.6877,1793.479,0.001266,0.761584,406
4522,8.867,57.6418,26.939,2.01778,1.20996,757.3873,55.30084,1.87303,6.85,0.745806,2.23946,0.756118,0.000995,0.001115,138.1885,1753.479,0.001296,0.745303,415
4541,8.907,57.76532,26.979,2.01618,1.20756,757.3047,57. 273,1.87503,6.89,0.71769,2.21877,0.728025,0.00096,0.001085,137.0132,1687.054,0.00125,0.717184,415
4560,8.938,57.861,27.01,2.014,1.205,757.24,58.801,1.876,6.9,0.6937,2.1818,0.7040,0.0009,0.0010,136.09,1630.2,0.0012,0.6 932,416
4579,8.933,57.72105,26.933,2.0057,1.19912,754.1352,60.07435,1.87061,6.93,0.666511,2.067257,0.666511,0.00083,0.000993,125.8718,1568.667,0.001106,0.666511,417
4598,8.973,57.84457,26.973,2.0041,1.19672,754.0526,62.04651,1.87261,6.97,0.630271,1.969971,0.630271,0.000781,0.000935,124.6598,1482.526,0.00104,0.630271,420
4617,9.036,58.16368,27.108,2.01102,1.19982,757.0385,63.63321,1.88148,7.02,0.605301,1.944989,0.615711,0.00081,0.000913,133.1307,1420.048,0.001047,0.604787,421
4636,9.067,58.2594,27.139,2.00978,1.19796,756.9745,65.16164,1.88303,7.05,0.573353,1.832089,0.58378,0.000767,0.000854,132.1766,1343.875,0.000986,0.572837,427
4655,9.107,58.38292,27.179,2.00818,1.19556,756.8919,67.1338,1.88503,7.09,0.529301,1.659438,0.539751,0.000706,0.000768,130.9335,1238.711,0.0 009,0.528782,427
4674,9.102,58.24292,27.102,1.99894,1.18898,753.7864,68.40673,1.87906,7.10,0.491596,1.448334,0.491596,0.000591,0.00067,120.6583,1151.723,0.000771,0.491596,421
4693,9.133,58.33865,27.133,1.9977,1.18712,753.7224,69.93515,1.88061,7.13,0.453311,1.275682,0.453311,0.000537,0.000588,119.6755,1060.171,0.000694,0.453311,418
4712,9.173,58.46217,27.173,1.9 961,1.1 8472,753.6398,71.90731,1.8 8261,7.17,0.401071,1.025823,0.401071,0.000463,0.000472,118.3954,935.1347,0.000587,0.401071,418
4731,9.236,58.78128,27.308,2.00302,1.18782,756.6257,73.49401,1.89148,7.22,0.365519,0.895581,0.376043,0.000474,0.00041,126.832,846.7736,0.000568,0.364992,419
4750,9.267,58. 877,27.339,2.00178,1.18596,756.5617,75.02244,1.89303,7.25,0.32122,0.66491,0.331763,0.000411,0.000307,125.8253,740.5781,0.000476,0.320691,418
4769,9.307,59.00052,27.379,2.00018,1.18356,756.4791,76.9946,1.89503,7.29,0.261232,0.340297,0.271798,0.000324,0.000163,124.5143,596.6755,0.00035,0.260701,424
4788,9.338,59.096,27.41,1.998,1.181,756.41,78.523,1.896,7.3,0.2125,0.0678,0.2231,0.0002,4.34E-,123.48,479.82,0.0002,0.2120,433
4807,8.542,56.61681,26.542,2.02103,1.22103,755.5997,40.84733,1.85168,6.54,0.790236,1.602422,0.790236,0.000968,0.000968,126.8257,1857.606,0.001264,0.790236,424
4826,8.605,56.93592,26.677,2.02795,1.22413,758.5856,42.43403,1.86055,6.59,0.789159,1.795758,0.79932,0.001036,0.001031,135.4369,1853.408,0.00133,0.788673,421
4845,8.717,57. 56204,26.951,2.04471,1.23289,765.3652,44. 53731,1.87902,6.69,0.7 9673,2.4 58336,0.9 05232,0.0 01669,0.0 01304,223.4524,1845.677,0.0 01873,0.7 91522,415
4864,8.676,57.15516,26.748,2.02511,1.21987,758.439,45.93461,1.8641,6.66,0.774116,2.04642,0.784318,0.001027,0.001092,133.6913,1819.896,0.00133,0.773625,412
4883,8.671,57.01516,26.671,2.01587,1.21329,755.3334,47.20754,1.85813,6.67,0.762759,2.058946,0.762759,0.000952,0.001079,123.6479,1796.466,0.001266,0.762759,409
4902,8.783,57.64129,26.945,2.03263,1.22205,762.1131,49.31083,1.8766,6.76,0.758181,2.417694,0.810272,0.001274,0.001216,169.7246,1771.956,0.00154,0.755662,411
4921,8.742,57.23441,26.742,2.01303,1.20903,755.1869,50.70813,1.86168,6.74,0.733436,2.174803,0.733436,0.000921,0.001089,121.8385,1728.297,0.001231,0.733436,412
4940,8.773,57.33014,26.773,2.01179,1.20717,755.1229,52.23655,1.86323,6.77,0.717471,2.195237,0.717471,0.000902,0.001082,121.0349,1690.847,0.001208,0.717471,409
4959,8.917,58.17964,27.151,2.03671,1.22089,764.9524,54.39811,1.88902,6.89,0.715779,2.792433,0.825497,0.001576,0.001327,218.3153,1656.278,0.001782,0.710435,413
4978,8.876,57.77276,26.948,2.01711,1.20787,758.0262,55.79541,1.8741,6.86,0.677758,2.237743,0.688075,0.000916,0.001068,128.5443,1594.27,0.001198,0.677254,417
4997,8.871,57.63276,26.871,2.00787,1.20129,754.9206,57.06834,1.86813,6.87,0.654359,2.139283,0.654359,0.000822,0.001014,118.4409,1541.724,0.001103,0.654359,418
5016,8.983,58.25889,27.145,2.02463,1.21005,761.7003,59.17163,1.8866,6.96,0.63696,2.368861,0.689634,0.00112,0.001099,164.4536,1485.36,0.001347,0.634376,420
5035,8.942,57.85201,26.942,2.00503,1.19703,754.7741,60.56893,1.87168,6.94,0.596636,1.984326,0.596636,0.000745,0.000921,116.5104,1404.517,0.000997,0.596636,421
5054,9.005,58.17112,27.077,2.01195,1.20013,757.76,62.15563,1.88055,6.997,0.573335,1.958058,0.583727,0.000776,0.000901,125.0443,1345.985,0.001007,0.572823,421
5073,9.117,58.79724,27.351,2.02871,1.20889,764.5396,64.25891,1.89902,7.09,0.555867,2.373588,0.666803,0.001357,0.001065,212.8418,1274.937,0.001494,0.550389,422
5092,9.04,58.154,27.04,2.001,1.191,754.57,65.400,1.876,7.0,0.5 004,1.6125,0.5 004,0.0006,0.0007,113.77,1174.8,0.0008,0.5 004,416
5111,9.071,58.25036,27.071,1.99987,1.18929,754.5078,66.92914,1.87813,7.07,0.465959,1.456761,0.465959,0.000564,0.000661,112.893,1092.51,0.00074,0.465959,417
5130,9.183,58.87649,27.345,2.01663,1.19805,761.2875,69.03243,1.8966,7.16,0.436458,1.564034,0.489716,0.000839,0.000696,158.8448,1006.044,0.000955,0.43381,419
5149,9.142,58.46961,27.142,1.99703,1.18503,754.3613,70.42973,1.88168,7.14,0.379836,1.030988,0.379836,0.000441,0.000466,110.8416,886.2666,0.000564,0.379836,416
5168,9.205,58.78872,27.277,2.00395,1.18813,757.3472,72.01643,1.89055,7.19,0.345903,0.899496,0.35641,0.000455,0.000405,119.3389,801.7344,0.000547,0.345378,420
5187,9.317,59.41484,27.551,2.02071,1.19689,764.1268,74.11971,1.90902,7.29,0.316995,1.2 018,0.429148,0.001011,0.000519,207.0319,701.6526,0.001009,0.311382,426
5206,9.276,59.00796,27.348,2.00111,1.18387,757.2006,75.51701,1.8941,7.26,0.246001,0.340963,0.256548,0.00031,0.00016,117.2318,561.9399,0.000335,0.245471,422
5225,9.271,58.86796,27.271,1.99187,1.17729,754.095,76.78994,1.88813,7.27,0.197559,0.011379,0.197559,0.000178,1.98E-05,107.0044,448.8258,0.000178,0.197559,431
5244,8.462,56.50289,26.462,2.02383,1.22383,756.6132,36.96861,1.84848,6.46,0.710556,1.440848,0.710556,0.00087,0.00087,114.0378,1670.303,0.001137,0.710556,425
5263,8.421,56.09601,26.259,2.00423,1.21081,749.687,38.36591,1.83356,6.43,0.71554,1.853381,0.766103,0.001204,0.001035,159.0367,1669.772,0.001426,0.713133,420
5282,8.565,56.94552,26.637,2.02915,1.22453,759.5165,40.52747,1.85935,6.55,0.713212,1.836078,0.72335,0.000951,0.000996,121.9398,1676.517,0.001228,0.712728,415
5301,8.596,57.04124,26.668,2.02791,1.22267,759.4525,42.05589,1.8609,6.58,0.710349,1.955469,0.720505,0.000952,0.001028,121.3016,1670.692,0.001235,0.709863,415
5320,8.635,57.11888,26.563,2.00685,1.20347,754.4551,47.11933,1.85265,6.64,0.559522,2.309644,0.569659,0.000792,0.001035,94.32678,1321.277,0.001057,0.559033,435
5339,8.64,57.258,26.64,2.016,1.210,757.56,45.846,1.858,6.6,0.5 684,2.2514,0.5 684,0.0007,0.0010,85.716,1344.9,0.0010,0.5 684,442
5358,8.681,57.66577,26.843,2.03569,1.22307,764.4869,44.4491,1.87354,6.66,0.585477,2.499866,0.637271,0.001085,0.001142,133.3346,1370.893,0.001315,0.582991,436
5377,8.569,57.03964,26.569,2.01893,1.21431,757.7073,42.34582,1.85507,6.56,0.583239,2.146369,0.583239,0.000754,0.001,86.83035,1379.055,0.001031,0.583239,436
5396,8.538,56.94391,26.538,2.02017,1.21617,757.7712,40.81739,1.85352,6.53,0.586556,2.070318,0.586556,0.000755,0.00098,87.30316,1386.271,0.001028,0.586556,433
5415,8.579,57.35079,26.741,2.03977,1.22919,764.6974,39.42009,1.86844,6.56,0.596152,2.248958,0.647649,0.00109,0.001079,134.9023,1394.39,0.001306,0.593699,429
5434,8.467,56.72466,26.467,2.02301,1.22043,757.9178,37.31681,1.84997,6.46,0.586911,1.827079,0.586911,0.000746,0.00091,88.35519,1385.193,0.001005,0.586911,432
5453,8.44,56.641,26.44,2.024,1.222,757.97,35.985,1.848,6.4,0.5 844,1.7093,0.5 844,0.0007,0.0008,88.743,1378.3,0.0009,0.5 844,429
5472,8.481,57.04817,26.643,2.04369,1.23507,764.8997,34.5883,1.86354,6.46,0.586985,1.82267,0.638196,0.001064,0.00095,136.3257,1369.749,0.001249,0.584564,428
5491,8.369,56.42204,26.369,2.02693,1.22631,758.1201,32.48502,1.84507,6.36,0.570839,1.333409,0.570839,0.000707,0.000752,89.73674,1343.446,0.000932,0.570839,431
5510,8.338,56.32631,26.338,2.02817,1.22817,758.184,30.95659,1.84352,6.33,0.561756,1.139115,0.561756,0.000688,0.000688,90.15672,1320.519,0.000899,0.561756,432
5529,9.2,58. 885,27.2,1.994,1.178,755.74,73.405,1.886,7.2,0.16,0.0092,0.16,0.0001,0.0000,86.661,363.49,0.0001,0.16,438
5548,9.169,58.78927,27.169,1.99524,1.17986,755.8114,71.87738,1.88445,7.16,0.202439,0.28647,0.202439,0.000207,0.000132,87.38481,465.6588,0.000238,0.202439,434
5567,9.129,58.66575,27.129,1.99684,1.18226,755.8939,69.90522,1.88245,7.12,0.254359,0.617136,0.254359,0.000284,0.00027,88.3064,590.5765,0.000351,0.254359,438
5586,9.134,58.80576,27.206,2.00608,1.18884,758.9995,68.63228,1.88842,7.12,0.293764,0.908049,0.30423,0.000404,0.000393,98.27051,682.1933,0.000491,0.293244,424
5605,9.071,58.48665,27.071,1.99916,1.18574,756.0137,67.04558,1.87955,7.07,0.323959,1.042401,0.323959,0.000386,0.000451,89.6185,757.8902,0.000502,0.323959,427
5624,9.031,58.36313,27.031,2.00076,1.18814,756.0962,65.07342,1.87755,7.03,0.368039,1.298307,0.368039,0.00045,0.000562,90.50669,863.7498,0.000596,0.368039,427
5643,9,58.267,27,2.002,1.19,756.16,63. 545,1.876,7,0.4,1.4756,0.4,0.0004,0.0006,91.185,940.44,0.0006,0.4,426
5662,8.969,58.17167,26.969,2.00324,1.19186,756.2242,62.01658,1.87445,6.96,0.430039,1.634657,0.430039,0.000539,0.000711,91.85644,1012.459,0.000727,0.430039,429
5681,8.929,58.04815,26.929,2.00484,1.19426,756.3067,60.04442,1.87245,6.92,0.465959,1.812751,0.465959,0.00059,0.000792,92.70987,1098.483,0.0 008,0.465959,427
5700,8.898,57.95242,26.898,2.00608,1.19612,756.3707,58.51599,1.8709,6.89,0.491596,1.929785,0.491596,0.000626,0.000847,93.3619,1159.801,0.000852,0.491596,438
5719,8.871,57.86905,26.871,2.00716,1.19774,756.4265,57.18478,1.86955,6.87,0.512359,2.016786,0.512359,0.000655,0.00089,93.92313,1209.4,0.000893,0.512359,435
5738,8.831,57.74553,26.831,2.00876,1.20014,756.509,55.21262,1.86755,6.83,0.540439,2.12012,0.540439,0.000694,0.000943,94.74316,1276.366,0.000947,0.540439,429
5757,8.8,57.649,26.8,2.01,1.202,756.57,53.684,1.866,6.8,0.56,2.1792,0.56,0.0007,0.0009,95.369,1322.9,0.0009,0.56,429
5776,8.769,57.55407,26.769,2.01124,1.20386,756.637,52.15578,1.86445,6.76,0.577639,2.219983,0.577639,0.000743,0.001002,95.98726,1364.789,0.001016,0.577639,431
5795,8.729,57.43055,26.729,2.01284,1.20626,756.7195,50.18362,1.86245,6.72,0.597559,2.245505,0.597559,0.000769,0.001026,96.77253,1411.919,0.001049,0.597559,437
5814,8.702,57.34718,26.702,2.01392,1.20788,756.7753,48.85241,1.8611,6.70,0.609196,2.245483,0.609196,0.000783,0.001036,97.29488,1439.334,0.001068,0.609196,435
5833,8.671,57.25145,26.671,2.01516,1.20974,756.8393,47.32398,1.85955,6.67,0.620759,2.228311,0.620759,0.000797,0.00104,97.88695,1466.439,0.001084,0.620759,442
5852,8.631,57.12793,26.631,2.01676,1.21214,756.9218,45.35182,1.85755,6.63,0.632839,2.179073,0.632839,0.00081,0.001035,98.63882,1494.511,0.001098,0.632839,432
5871,8.6,57.032,26.6,2.018,1.214,756.98,43.823,1.856,6.6,0.64,2.1199,0.64,0.0008,0.0010,99.212,1510.9,0.0011,0.64,424
5890,8.569,56.93647,26.569,2.01924,1.21586,757.0498,42.29498,1.85445,6.56,0.645239,2.04245,0.645239,0.000819,0.001006,99.77727,1522.648,0.001105,0.645239,424
5909,8.529,56.81295,26.529,2.02084,1.21826,757.1323,40.32282,1.85245,6.52,0.649159,1.915401,0.649159,0.000819,0.000972,100.4944,1530.884,0.001098,0.649159,422
5928,8.534,56.95296,26.606,2.03008,1.22484,760.2379,39.04988,1.85842,6.52,0.652161,1.867201,0.662281,0.000883,0.000968,110.2922,1534.446,0.001147,0.651679,422
5947,8.471,56.63385,26.471,2.02316,1.22174,757.2521,37.46318,1.84955,6.47,0.649159,1.676977,0.649159,0.00081,0.000902,101.51,1529.008,0.001075,0.649159,424
5966,8.431,56.51033,26.431,2.02476,1.22414,757.3346,35.49102,1.84755,6.43,0.645239,1.475168,0.645239,0.000797,0.00084,102.1937,1518.185,0.001049,0.645239,427
5985,8.4,56.414,26.4,2.026,1.226,757.39,33.962,1.846,6.4,0.64,1.2977,0.64,0.0007,0.0007,102.71,1504.4,0.0010,0.64,435
6004,9.231,58.87756,27.231,1.99307,1.17769,755.0259,74.88338,1.88693,7.23,0.177639,0.010232,0.177639,0.00016,1.78E-05,96.21506,403.5704,0.00016,0.177639,432
6023,9.119,58.25144,26.957,1.97631,1.16893,748.2463,72.7801,1.86846,7.13,0.228434,0.563202,0.281032,0.000544,0.000246,142.5363,509.8652,0.000542,0.2 258,432
6042,9.196,58.89404,27.268,2.00391,1.18667,758.2141,71.63829,1.8909,7.18,0.27785,0.670466,0.288351,0.000369,0.000297,107.3422,641.3011,0.000431,0.277325,428
6061,9.165,58.79832,27.237,2.00515,1.18853,758.2781,70.10987,1.88935,7.15,0.317764,0.904386,0.328248,0.000427,0.000398,108.1383,737.1932,0.000516,0.317242,429
6080,9.021,57.94881,26.859,1.98023,1.17481,748.4486,67.94831,1.86356,7.03,0.356153,1.310093,0.408466,0.000732,0.000571,145.1057,816.94,0.000814,0.353551,427
6099,9.062,58.35569,27.062,1.99983,1.18783,755.3748,66.55101,1.87848,7.06,0.396156,1.291557,0.396156,0.000478,0.00057,100.5639,928.4467,0.000628,0.396156,429
6118,9.031,58.25996,27.031,2.00107,1.18969,755.4387,65.02258,1.87693,7.03,0.430039,1.467472,0.430039,0.000527,0.000649,101.3352,1009.654,0.000698,0.430039,425
6137,8.919,57.63384,26.757,1.98431,1.18093,748.6591,62.9193,1.85846,6.93,0.468502,1.891189,0.520518,0.000894,0.000834,147.6923,1086.512,0.001046,0.465933,423
6156,8.96,58.040,26.96,2.003,1.193,755.58,61. 522,1.873,6.9,0.5 004,1.8013,0.5 004,0.0006,0.0008,103.07,1178.0,0.0008,0.5 004,428
6175,8.965,58.18072,27.037,2.01315,1.20053,758.6909,60.24907,1.87935,6.95,0.52926,1.974758,0.539628,0.000729,0.000884,113.0783,1243.994,0.000953,0.52875,427
6194,8.821,57.33121,26.659,1.98823,1.18681,748.8614,58.08751,1.85356,6.83,0.556669,2.260914,0.608398,0.001018,0.001016,150.0932,1297.438,0.00122,0.554132,432
6213,8.862,57.73809,26.862,2.00783,1.19983,755.7876,56.69021,1.86848,6.86,0.580956,2.10418,0.580956,0.000737,0.000958,105.396,1370.203,0.000998,0.580956,426
6232,8.831,57.64236,26.831,2.00907,1.20169,755.8515,55.16178,1.86693,6.83,0.602439,2.161852,0.602439,0.000766,0.000993,106.1144,1421.267,0.001037,0.602439,435
6251,8.719,57.01624,26.557,1.99231,1.19293,749.0719,53.0585,1.84846,6.73,0.62785,2.44945,0.679283,0.001115,0.001131,152.5045,1466.938,0.001349,0.625346,429
6270,8.796,57.65884,26.868,2.01991,1.21067,759.0397,51.91669,1.8709,6.78,0.645862,2.286943,0.656134,0.000885,0.001071,116.9879,1521.255,0.001166,0.645364,427
6289,8.733,57.33974,26.733,2.0 1299,1.2 0757,756.0538,50.32999,1.8 6203,6.73,0.657711,2.223616,0.657711,0.000836,0.001056,108.3319,1551.966,0.00113,0.657711,422
6308,8.621,56.71361,26.459,1.99623,1.19881,749.2742,48.22671,1.84356,6.63,0.676464,2.44201,0.727611,0.001176,0.001171,154.7369,1581.716,0.001424,0.673992,416
6327,8.662,57.12049,26.662,2.01583,1.21183,756.2004,46.82941,1.85848,6.66,0.685756,2.153944,0.685756,0.000868,0.001058,109.8873,1617.488,0.001167,0.685756,414
6346,8.631,57.02476,26.631,2.01707,1.21369,756.2643,45.30098,1.85693,6.63,0.694839,2.093372,0.694839,0.000877,0.001048,110.5529,1638.41,0.001176,0.694839,412
6365,8.519,56.39864,26.357,2.00031,1.20493,749.4847,43.1977,1.83846,6.53,0.706479,2.237986,0.757328,0.001206,0.001138,156.9728,1651.143,0.00145,0.70404,420
6384,8.779,57.96839,26.941,2.03177,1.21719,764.2846,49.28089,1.87844,6.76,0.555797,2.555716,0.607876,0.001049,0.001132,131.7457,1301.1,0.001274,0.553279,440
6403,8.738,57.56151,26.738,2.01217,1.20417,757.3584,50.67819,1.86352,6.73,0.531356,2.238661,0.531356,0.000694,0.000984,84.10878,1257.552,0.000958,0.531356,428
6422,8.769,57.65724,26.769,2.01093,1.20231,757.2945,52.20662,1.86507,6.76,0.515639,2.196468,0.515639,0.000673,0.000959,83.58315,1220.193,0.000929,0.515639,426
6441,8.881,58.28337,27.043,2.02769,1.21107,764.0741,54.3099,1.88354,6.86,0.504688,2.421068,0.557066,0.00098,0.001049,130.0058,1179.315,0.001182,0.502138,426
6460,8.804,57.64076,26.732,2.00009,1.19333,754.1063,55.45171,1.8611,6.81,0.473542,2.079667,0.483777,0.000677,0.000897,91.44126,1116.806,0.0 009,0.473043,424
6479,8.867,57.95986,26.867,2.00701,1.19643,757.0922,57.03841,1.86997,6.86,0.453311,1.942535,0.453311,0.000586,0.000834,81.86761,1071.359,0.000806,0.453311,415
6498,8.979,58.58599,27.141,2.02377,1.20519,763.8718,59.14169,1.88844,6.96,0.436161,2.106481,0.488824,0.000881,0.000899,128.2514,1015.09,0.001045,0.433579,419
6517,8.938,58.17911,26.938,2.00417,1.19217,756.9456,60.53899,1.87352,6.93,0.396156,1.644144,0.396156,0.000504,0.0 007,80.5736,934.3625,0.000688,0.396156,430
6536,8.969,58.27484,26.969,2.00293,1.19031,756.8817,62.06742,1.87507,6.96,0.368039,1.483709,0.368039,0.000464,0.000631,79.99514,866.8606,0.000628,0.368039,427
6555,9.081,58.90097,27.243,2.01969,1.19907,763.6613,64.1707,1.89354,7.06,0.34462,1.586276,0.39758,0.000747,0.00067,126.3392,795.0177,0.000851,0.342005,432
6574,9.04,58.494,27.04,2.000,1.186,756.73,65. 568,1.878,7.0,0.2 964,1.0472,0.2 964,0.0003,0.0004,78.639,694.65,0.0004,0.2 964,431
6593,9.067,58.57746,27.067,1.99901,1.18443,756.6794,66.89921,1.87997,7.06,0.266511,0.855974,0.266511,0.000314,0.000364,78.11261,622.7361,0.000407,0.266511,433
6612,9.179,59.20359,27.341,2.01577,1.19319,763.459,69.00249,1.89844,7.16,0.237245,0.901252,0.290492,0.000587,0.00038,124.4193,536.3592,0.000617,0.234598,435
6631,9.138,58.79671,27.138,1.99617,1.18017,756.5328,70.39979,1.88352,7.138,0.180956,0.286768,0.180956,0.000187,0.000128,76.69762,416.7022,0.000217,0.180956,438
6650,9.169,58.89244,27.169,1.99493,1.17831,756.4689,71.92822,1.88507,7.16,0.140439,0.008089,0.140439,0.000126,1.4E05,76.06633,319.0573,0.000126,0.140439,447
6669,8.258,56.21239,26.258,2.03097,1.23097,759.1975,27.07787,1.84032,6.25,0.449436,0.911356,0.449436,0.000551,0.000551,72.13038,1056.488,0.000719,0.449436,443
6688,8.217,55.80552,26.055,2.01137,1.21795,752.2713,28.47518,1.8254,6.23,0.468239,1.380058,0.518208,0.000906,0.000745,117.9944,1089.549,0.001033,0.465898,435
6707,8.329,56.43164,26.329,2.02813,1.22671,759.051,30.57846,1.84387,6.32,0.478759,1.379224,0.478759,0.000605,0.000711,71.45343,1129.25,0.000811,0.478759,430
6726,8.36,56.527,26.36,2.026,1.224,758.98,32.106,1.845,6.3,0.4 884,1.5533,0.4 884,0.0006,0.0007,71.144,1153.3,0.0008,0.4 884,425
6745,8.283,55.88476,26.049,1.99929,1.20711,749.0192,33.24869,1.82298,6.30,0.505006,2.217113,0.609444,0.001319,0.001061,166.7668,1166.002,0.001432,0.500074,427
6764,8.427,56.73426,26.427,2.02421,1.22083,758.8487,35.41025,1.84877,6.42,0.502671,1.867083,0.502671,0.000653,0.000873,70.44848,1189.422,0.000896,0.502671,431
6783,8.458,56.82999,26.458,2.02297,1.21897,758.7847,36.93867,1.85032,6.45,0.506236,1.983272,0.506236,0.000662,0.00091,70.11355,1198.735,0.000913,0.506236,436
6802,8.417,56.42312,26.255,2.00337,1.20595,751.8585,38.33598,1.8354,6.43,0.511498,2.330737,0.56205,0.000993,0.001054,115.8475,1198.309,0.001196,0.509092,432
6821,8.529,57.04924,26.529,2.02013,1.21471,758.6382,40.43926,1.85387,6.52,0.507159,2.180325,0.507159,0.000671,0.000968,69.3156,1202.46,0.000933,0.507159,436
6840,8.56,57.144,26.56,2.018,1.212,758.57,41.967,1.855,6.5,0.5 044,2.2362,0.5 044,0.0006,0.0009,68.953,1196.4,0.0009,0.5 044,438
6859,8.483,56.50236,26.249,1.99129,1.19511,748.6064,43.10949,1.83298,6.509,0.508214,2.791388,0.613869,0.001339,0.001222,164.3836,1176.761,0.001497,0.503147,436
6878,8.595,57.12848,26.523,2.00805,1.20387,755.386,45.21277,1.85145,6.60,0.491479,2.337692,0.501593,0.000719,0.001008,77.24483,1163.588,0.000972,0.490993,435
6897,8.658,57.44759,26.658,2.01497,1.20697,758.3719,46.79947,1.86032,6.65,0.483036,2.292329,0.483036,0.000646,0.000981,67.75591,1146.511,0.000906,0.483036,442
6916,8.617,57.04072,26.455,1.99537,1.19395,751.4457,48.19678,1.8454,6.63,0.474037,2.511691,0.525172,0.000951,0.001072,113.3567,1110.848,0.001157,0.471566,442
6935,8.729,57.66684,26.729,2.01213,1.20271,758.2254,50.30006,1.86387,6.72,0.455559,2.218567,0.455559,0.000609,0.000937,66.83697,1081.198,0.000856,0.455559,440
6954,8.724,57.52684,26.652,2.00289,1.19613,755.1198,51.57299,1.8579,6.73,0.441391,2.203869,0.45158,0.000652,0.000928,75.56205,1044.456,0.000881,0.440897,439
6973,8.683,57.11996,26.449,1.98329,1.18311,748.1936,52.97029,1.84298,6.70,0.430383,2.592887,0.537254,0.001229,0.001092,161.6552,990.5223,0.00136,0.42518,435
6992,8.827,57.96946,26.827,2.00821,1.19683,758.0231,55.13185,1.86877,6.82,0.401071,1.958823,0.401071,0.000532,0.000817,65.49803,950.7889,0.000745,0.401071,430
7011,8.858,58.06519,26.858,2.00697,1.19497,757.9591,56.66027,1.87032,6.85,0.379836,1.838526,0.379836,0.000501,0.000764,65.05745,899.8158,0.0 007,0.379836,433
7030,8.817,57.65832,26.655,1.98737,1.18195,751.0329,58.05758,1.8554,6.83,0.355856,1.92292,0.407574,0.000779,0.000799,110.522,827.1664,0.000915,0.35332,434
7049,8.929,58.28444,26.929,2.00413,1.19071,757.8126,60.16086,1.87387,6.92,0.323959,1.493949,0.323959,0.000419,0.000618,64.01754,765.4664,0.000579,0.323959,435
7068,8.96,58.380,26.96,2.002,1.188,757.74,61.689,1.875,6.9,0.2 964,1.3133,0.2 964,0.0003,0.0005,63.550,699.12,0.0005,0.2 964,427
7087,8.883,57.73756,26.649,1.97529,1.17111,747.7808,62.83109,1.85298,6.90,0.271511,1.621608,0.379599,0.000989,0.00067,158.5815,607.2842,0.00102,0.266173,433
7106,9.027,58.58706,27.027,2.00021,1.18483,757.6103,64.99265,1.87877,7.02,0.230271,0.860405,0.230271,0.000279,0.000357,62.5116,539.7661,0.00037,0.230271,429
7125,9.058,58.68279,27.058,1.99897,1.18297,757.5463,66.52107,1.88032,7.05,0.196636,0.621864,0.196636,0.000229,0.00026,62.01819,458.65,0.000293,0.196636,431
7144,9.017,58.27592,26.855,1.97937,1.16995,750.6201,67.91838,1.8654,7.03,0.156954,0.564424,0.209256,0.000479,0.000236,107.3434,347.2636,0.000473,0.154354,436
7163,9.129,58.90204,27.129,1.99613,1.17871,757.3998,70.02166,1.88387,7.12,0.112359,0.006472,0.112359,0.000101,1.12E-05,60.85729,255.2636,0.000101,0.112359,440
7182,8.204,56.1355,26.204,2.0 3286,1.2 3286,759.8816,24.45974,1.8 3816,6.20,0.366384,0.742945,0.366384,0.000449,0.000449,58.8013,861.2582,0.000586,0.366384,443
7201,8.267,56.4546,26.339,2.03978,1.23596,762.8675,26.04644,1.84703,6.25,0.385084,1.025157,0.395051,0.000546,0.000555,67.90086,904.5754,0.000691,0.384619,438
7220,8.307,56.57812,26.379,2.03818,1.23356,762.7849,28.0186,1.84903,6.29,0.404776,1.29658,0.414766,0.00058,0.00065,67.62692,953.0772,0.000748,0.404309,433
7239,8.338,56.673,26.41,2.036,1.231,762.72,29.547,1.850,6.3,0.4178,1.4860,0.4278,0.0006,0.0007,67.405,985.33,0.0007,0.4173,427
7258,8.333,56.53385,26.333,2.0277,1.22512,759.6154,30.81995,1.84461,6.33,0.426111,1.582932,0.426111,0.000555,0.000743,57.90375,1008.576,0.000762,0.426111,425
7277,8.373,56.65737,26.373,2.0261,1.22272,759.5328,32.79211,1.84661,6.37,0.437871,1.778932,0.437871,0.000577,0.00081,57.59664,1037.823,0.000799,0.437871,430
7296,8.436,56.97648,26.508,2.03302,1.22582,762.5187,34.37881,1.85548,6.42,0.446568,1.964863,0.456632,0.000657,0.000879,66.65093,1056.712,0.000879,0.446093,431
7315,8.467,57. 0722,26.539,2.03178,1.22396,762.4547,35. 90724,1.85703,6.45,0.4 51671,2.0 7835,0.4 61753,0.0 00668,0.0 00916,66. 39535,1069.607,0.0 00898,0.4 51194,439
7334,8.507,57.19572,26.579,2.03018,1.22156,762.3721,37.8794,1.85903,6.49,0.455427,2.197811,0.465532,0.000677,0.000954,66.05351,1079.37,0.000916,0.454947,444
7353,8.538,57.291,26.61,2.028,1.219,762.30,39.407,1.860,6.5,0.4561,2.2694,0.4662,0.0006,0.0009,65.779,1081.6,0.0009,0.4556,441
7372,8.533,57.15145,26.533,2.0197,1.21312,759.2026,40.68075,1.85461,6.53,0.452911,2.257786,0.452911,0.000614,0.000962,56.23188,1077.022,0.00087,0.452911,437
7391,8.573,57.27497,26.573,2.0181,1.21072,759.12,42.65291,1.85661,6.57,0.448671,2.301214,0.448671,0.000611,0.000971,55.85661,1067.375,0.000867,0.448671,436
7410,8.604,57.3707,26.604,2.0 1686,1.2 0886,759.056,44.18134,1.8 5816,6.60,0.443184,2.313882,0.443184,0.000604,0.00097,55.5564,1054.548,0.00086,0.443184,434
7429,8.667,57.6898,26.739,2.02378,1.21196,762.0419,45.76804,1.86703,6.65,0.438579,2.371734,0.448775,0.000663,0.00099,64.55039,1040.946,0.000907,0.438088,439
7448,8.462,57.16849,26.462,2.02183,1.21383,760.855,37.29661,1.85248,6.46,0.310556,2.314121,0.310556,0.000462,0.000907,19.00944,747.2962,0.000693,0.310556,462
7467,8.431,57.07276,26.431,2.02307,1.21569,760.9189,35.76818,1.85093,6.43,0.307239,2.262739,0.307239,0.000456,0.000889,19.07944,739.0775,0.000683,0.307239,452
7486,8.319,56.44664,26.157,2.00631,1.20693,754.1393,33.6649,1.83246,6.33,0.304387,2.418712,0.354653,0.00077,0.000971,65.62337,718.3044,0.000934,0.302013,452
7505,8.396,57.08924,26.468,2.03391,1.22467,764.1071,32.52309,1.8549,6.38,0.295155,2.145167,0.305196,0.000499,0.000853,28.51522,706.6462,0.0 007,0.294682,449
7524,8.365,56.99352,26.437,2.03515,1.22653,764.1711,30.99467,1.85335,6.35,0.285668,2.034929,0.295691,0.000483,0.000813,28.56019,683.4473,0.000675,0.285197,452
7543,8.221,56.14401,26.059,2.01023,1.21281,754.3416,28.83311,1.82756,6.23,0.273895,2.06342,0.323876,0.00072,0.000844,65.78738,643.9842,0.00085,0.271553,445
7562,8.262,56.55089,26.262,2.02983,1.22583,761.2678,27.43581,1.84248,6.26,0.255356,1.660315,0.255356,0.000368,0.000671,19.31709,612.1087,0.000543,0.255356,448
7581,8.231,56.45516,26.231,2.03107,1.22769,761.3317,25.90738,1.84093,6.23,0.239639,1.49069,0.239639,0.000343,0.000609,19.33427,573.7471,0.000501,0.239639,436
7600,8.119,55.82904,25.957,2.01431,1.21893,754.5521,23.8041,1.82246,6.13,0.221576,1.497346,0.271258,0.000636,0.000639,65.87038,516.5941,0.000712,0.219266,438
7619,8.196,56.47164,26.268,2.04191,1.23667,764.5199,22.66229,1.8449,6.18,0.200282,1.112938,0.210207,0.000343,0.000475,28.66198,475.1407,0.00045,0.199821,436
7638,8.133,56.15254,26.133,2.03499,1.23357,761.534,21.07559,1.83603,6.13,0.177311,0.833904,0.177311,0.00024,0.000366,19.33473,421.7436,0.00034,0.177311,439
7657,8.021,55.52641,25.859,2.01823,1.22481,754.7544,18.97231,1.81756,6.03,0.151531,0.764889,0.200928,0.000523,0.00037,65.86588,346.1256,0.00053,0.149253,450
7676,8.062,55.93329,26.062,2.03783,1.23783,761.6806,17.57501,1.83248,6.06,0.120156,0.243649,0.120156,0.000147,0.000147,19.28394,282.4505,0.000192,0.120156,452
7695,9.071,58.91596,27.071,1.99787,1.17929,758.7496,67.25714,1.88213,7.07,0.065959,0.003799,0.065959,5.94E-05,6.6E06,35.72554,149.8494,5.94E-05,0.065959,457
7714,9.04,58.820,27.04,1.999,1.181,758.81,65.728,1.880,7.0,0.1 004,0.2869,0.1 004,0.0001,0.0001,36.064,233.21,0.0001,0.1 004,445
7733,9.117,59.46284,27.351,2.02671,1.19889,768.7814,64.58691,1.90302,7.09,0.155867,1.215899,0.266803,0.000862,0.00049,135.1213,334.5772,0.000844,0.150389,441
7752,9.005,58.83672,27.077,2.00995,1.19013,762.0018,62.48363,1.88455,6.997,0.173335,0.922108,0.183727,0.000288,0.000368,46.07311,406.6195,0.000367,0.172823,443
7771,8.942,58.51761,26.942,2.00303,1.18703,759.0159,60.89693,1.87568,6.94,0.196636,1.06165,0.196636,0.000261,0.000422,37.08411,466.0289,0.000368,0.196636,439
7790,8.983,58.92449,27.145,2.02263,1.20005,765.9421,59.49963,1.8906,6.96,0.23696,1.606526,0.289634,0.000641,0.000643,84.58792,548.1389,0.000734,0.234376,437
7809,8.871,58.29836,26.871,2.00587,1.19129,759.1624,57.39634,1.87213,6.87,0.254359,1.50847,0.254359,0.000349,0.0 006,37.77136,605.5316,0.000502,0.254359,436
7828,8.876,58.43836,26.948,2.01511,1.19787,762.268,56.12341,1.8781,6.86,0.277758,1.729957,0.288075,0.000448,0.000689,47.32327,659.0603,0.000609,0.277254,441
7847,8.917,58.84524,27.151,2.03471,1.21089,769.1942,54.72611,1.89302,6.89,0.315779,2.446205,0.425497,0.001113,0.000989,137.1383,722.3033,0.001211,0.310435,438
7866,8.805,58.21912,26.877,2.01795,1.20213,762.4146,52.62283,1.87455,6.79,0.321087,2.039722,0.331364,0.000513,0.000815,47.95109,763.6202,0.000707,0.320588,440
7885,8.742,57.90001,26.742,2.01103,1.19903,759.4287,51.03613,1.86568,6.74,0.333436,2.074277,0.333436,0.000469,0.000829,38.91012,796.2775,0.000681,0.333436,438
7904,8.783,58.30689,26.945,2.03063,1.21205,766.3549,49.63883,1.8806,6.76,0.358181,2.470108,0.410272,0.000827,0.000998,86.38845,841.1447,0.001006,0.355662,441
7923,8.671,57.68076,26.671,2.01387,1.20329,759.5752,47.53554,1.86213,6.67,0.362759,2.250282,0.362759,0.000512,0.000905,39.47638,866.7431,0.000745,0.362759,445
7942,8.64,57.585,26.64,2.015,1.205,759.63,46.007,1.860,6.6,0.3 724,2.2969,0.3 724,0.0005,0.0009,39.710,889.82,0.0007,0.3 724,448
7961,8.717,58.22764,26.951,2.04271,1.22289,769.607,44.86531,1.88302,6.69,0.39673,2.92357,0.505232,0.001238,0.001203,138.8189,918.0868,0.00138,0.391522,455
7980,8.573,57.37814,26.573,2.01779,1.20917,759.7775,42.70375,1.85723,6.57,0.386671,2.335288,0.386671,0.000544,0.000949,40.18742,923.7452,0.00079,0.386671,453
7999,8.542,57.28241,26.542,2.01903,1.21103,759.8415,41.17533,1.85568,6.54,0.390236,2.324044,0.390236,0.000548,0.000949,40.39531,932.0554,0.000795,0.390236,454
8018,8.583,57.68929,26.745,2.03863,1.22405,766.7677,39.77803,1.8706,6.56,0.400122,2.577697,0.45163,0.000886,0.001068,87.85125,941.43,0.001081,0.397668,455
8037,8.471,57.06316,26.471,2.02187,1.21529,759.988,37.67474,1.85213,6.47,0.391159,2.229234,0.391159,0.000546,0.000922,40.84059,933.4839,0.000787,0.391159,453
8056,8.476,57.20316,26.548,2.03111,1.22187,763.0936,36.40181,1.8581,6.46,0.390794,2.225225,0.400881,0.000607,0.000928,50.30189,929.5051,0.000834,0.390316,462
8075,8.517,57.61004,26.751,2.0 5071,1.2 3489,770.0198,35.00451,1.8 7302,6.49,0.398722,2.647992,0.506007,0.001236,0.001133,140.1631,921.9277,0.001352,0.393649,445
8094,8.405,56.98392,26.477,2.03395,1.22613,763.2402,32.90123,1.85455,6.39,0.377551,1.995526,0.387597,0.000582,0.00085,50.6887,896.543,0.000791,0.377077,453
8113,8.342,56.66481,26.342,2.02703,1.22303,760.2543,31.31453,1.84568,6.34,0.367036,1.810952,0.367036,0.0 005,0.00078,41.5397,873.3625,0.000709,0.367036,442
8132,8.383,57.07169,26.545,2.04663,1.23605,767.1805,29.91723,1.8606,6.36,0.362783,1.929292,0.413708,0.000818,0.000853,88.97631,848.9948,0.000957,0.360394,436
8151,8.271,56.44556,26.271,2.02987,1.22729,760.4008,27.81394,1.84213,6.27,0.339559,1.445327,0.339559,0.000452,0.000651,41.86398,805.7539,0.00063,0.339559,438
8170,8.276,56.58556,26.348,2.03911,1.23387,763.5064,26.54101,1.8481,6.26,0.327793,1.333147,0.337764,0.000496,0.000617,51.28203,774.1881,0.000648,0.327327,440
8189,8.317,56.99244,26.551,2.05871,1.24689,770.4326,25.14371,1.86302,6.29,0.321753,1.619471,0.427822,0.001108,0.000779,141.171,733.826,0.001127,0.316816,446
8208,8.173,56.14294,26.173,2.03379,1.23317,760.6031,22.98215,1.83723,6.17,0.285071,0.782731,0.285071,0.000359,0.000413,42.24104,672.1746,0.00048,0.285071,452
8227,8.142,56.04721,26.142,2.03503,1.23503,760.6671,21.45373,1.83568,6.14,0.263836,0.535,0.263836,0.000323,0.000323,42.34328,620.1988,0.000422,0.263836,464
8246,9.102,58.90852,27.102,1.99694,1.17898,758.0282,68.73473,1.88306,7.10,0.091596,0.005276,0.091596,8.24E-05,9.16E-06,49.61137,208.093,8.24E-05,0.091596,439
8265,9.107,59.04852,27.179,2.00618,1.18556,761.1337,67.4618,1.88903,7.09,0.129301,0.342656,0.139751,0.000202,0.000143,59.29664,296.0927,0.000224,0.128782,443
8284,9.067,58. 925,27.139,2.00778,1.18796,761.2163,65.48964,1.88703,7.05,0.173353,0.67908,0.18378,0.00027,0.000278,59.84214,402.5452,0.000326,0.172837,437
8303,9.036,58.82928,27.108,2.00902,1.18982,761.2803,63.96121,1.88548,7.02,0.205301,0.918903,0.215711,0.000318,0.000374,60.25557,479.7169,0.000399,0.204787,435
8322,8.973,58.51017,26.973,2.0021,1.18672,758.2944,62.37451,1.87661,6.97,0.230271,1.057199,0.230271,0.000294,0.000429,51.35413,543.068,0.000403,0.230271,437
8341,8.933,58.38665,26.933,2.0037,1.18912,758.377,60.40235,1.87461,6.93,0.266511,1.318915,0.266511,0.000349,0.000535,51.86573,630.5035,0.000485,0.266511,432
8360,8.938,58.526,27.01,2.012,1.195,761.48,59.129,1.880,6.9,0.2937,1.5569,0.3040,0.0004,0.0006,61.508,693.07,0.0 006,0.2 932,434
8379,8.907,58.43092,26.979,2.01418,1.19756,761.5465,57. 601,1.87903,6.89,0.31769,1.720849,0.328025,0.000488,0.0 007,61.88838,750.8781,0.000654,0.317184,431
8398,8.867,58.3074,26.939,2.01578,1.19996,761.6291,55.62884,1.87703,6.85,0.345806,1.905311,0.356118,0.00053,0.000777,62.36599,818.5921,0.000716,0.345303,430
8417,8.836,58.21168,26.908,2.01702,1.20182,761.6931,54.10041,1.87548,6.828,0.365404,2.027365,0.375698,0.000559,0.000829,62.7268,865.7414,0.000758,0.364902,430
8436,8.773,57.89257,26.773,2.0101,1.19872,758.7072,52.51371,1.86661,6.77,0.379471,2.060636,0.379471,0.000516,0.000844,53.77578,902.457,0.000735,0.379471,427
8455,8.733,57.76905,26.733,2.0117,1.20112,758.7898,50.54155,1.86461,6.73,0.399711,2.16978,0.399711,0.000545,0.000893,54.21921,950.9982,0.000777,0.399711,430
8474,8.702,57.67332,26.702,2.01294,1.20298,758.8538,49.01313,1.86306,6.70,0.413196,2.233379,0.413196,0.000564,0.000922,54.55349,983.2674,0.000805,0.413196,436
8493,8.707,57.81332,26.779,2.02218,1.20956,761.9593,47.7402,1.86903,6.69,0.426398,2.339234,0.436618,0.000646,0.000971,64.14067,1011.971,0.000884,0.425905,448
8512,8.421,56.76161,26.259,2.00223,1.20081,753.9288,38.69391,1.83756,6.43,0.31554,2.592226,0.366103,0.000789,0.001029,65.36499,745.6218,0.000969,0.313133,456
8531,8.533,57.38774,26.533,2.01899,1.20957,760.7084,40.79719,1.85603,6.53,0.310911,2.362745,0.310911,0.000464,0.000922,18.81825,748.5151,0.000698,0.310911,440
8550,8.56,57.471,26.56,2.017,1.207,760.65,42.128,1.857,6.5,0.3 084,2.3560,0.3 084,0.0004,0.0009,18.734,742.54,0.0006,0.3 084,426
8569,8.519,57.06424,26.357,1.99831,1.19493,753.7265,43.5257,1.84246,6.53,0.306479,2.570353,0.357328,0.000775,0.001013,65.03249,723.7937,0.000954,0.30404,431
8588,8.631,57.69036,26.631,2.01507,1.20369,760.5061,45.62898,1.86093,6.63,0.294839,2.271929,0.294839,0.000441,0.000882,18.4838,709.9372,0.000664,0.294839,431
8607,8.662,57.78609,26.662,2.01383,1.20183,760.4422,47.15741,1.86248,6.66,0.285756,2.205068,0.285756,0.000427,0.000855,18.36097,688.0129,0.000643,0.285756,430
8626,8.621,57.37921,26.459,1.99423,1.18881,753.516,48.55471,1.84756,6.63,0.276464,2.351307,0.327611,0.000728,0.000922,64.59873,651.0384,0.000886,0.273992,431
8645,8.765,58.22872,26.837,2.01915,1.20253,763.3455,50.71627,1.87335,6.75,0.261076,2.055504,0.271329,0.000452,0.000797,27.35356,625.4246,0.000639,0.260579,429
8664,8.796,58.32444,26.868,2.01791,1.20067,763.2815,52.24469,1.8749,6.78,0.245862,1.930201,0.256134,0.000429,0.000748,27.20336,588.5787,0.000603,0.245364,428
8683,8.719,57.68184,26.557,1.99031,1.18293,753.3137,53.3865,1.85246,6.73,0.22785,1.952268,0.279283,0.000652,0.000764,64.09773,533.062,0.000772,0.225346,421
8702,8.831,58.30796,26.831,2.00707,1.19169,760.0933,55.48978,1.87093,6.83,0.202439,1.518259,0.202439,0.000298,0.000586,17.54735,486.3261,0.000446,0.202439,429
8721,8.862,58.40369,26.862,2.00583,1.18983,760.0294,57.01821,1.87248,6.86,0.180956,1.333155,0.180956,0.000264,0.000515,17.3717,434.2589,0.000394,0.180956,440
8740,8.821,57.99681,26.659,1.9 8623,1.1 7681,753.1032,58.41551,1.8 5756,6.83,0.156669,1.340662,0.208398,0.000539,0.000525,63.4886,360.234,0.000602,0.154132,436
8759,8.965,58.84632,27.037,2.01115,1.19053,762.9327,60.57707,1.88335,6.95,0.12926,0.926079,0.139628,0.000246,0.000359,26.24108,305.8739,0.000322,0.12875,436
8778,8.96,58.706,26.96,2.001,1.183,759.82,61.85,1.877,6.9,0.1 004,0.6274,0.1 004,0.0001,0.0002,16.762,238.92,0.0001,0.1 004,443
8797,8.919,58.29944,26.757,1.98231,1.17093,752.9009,63.2473,1.86246,6.93,0.068502,0.564458,0.120518,0.000399,0.000224,62.8191,146.1093,0.000389,0.065933,432
8816,9.031,58.92556,27.031,1.99907,1.17969,759.6805,65.35058,1.88093,7.03,0.030039,0.00173,0.030039,2.7E05,3E-06,16.2701,68.24431,2.7E05,0.030039,441
8835,8,55. 845,26,2.04,1.24,762.46,14. 569,1.83,6,0,0,0,0,0,0,0,0,0,441
8854,8.031,55.94073,26.031,2.03876,1.23814,762.402,16.09742,1.83155,6.03,0.030039,0.286444,0.030039,4.81E-05,0.000108,0.127969,73.02134,7.51E-05,0.030039,438
8873,8.071,56.06425,26.071,2.03716,1.23574,762.3195,18.06958,1.83355,6.07,0.065959,0.628968,0.065959,0.000106,0.000237,0.280992,160.3387,0.000165,0.065959,448
8892,8.102,56.15998,26.102,2.03592,1.23388,762.2555,19.59801,1.8351,6.10,0.091596,0.873436,0.091596,0.000147,0.00033,0.390208,222.6593,0.000229,0.091596,435
8911,8.129,56.24335,26.129,2.03484,1.23226,762.1997,20.92922,1.83645,6.12,0.112359,1.071427,0.112359,0.00018,0.000404,0.47866,273.1317,0.000281,0.112359,432
8930,8.169,56.36687,26.169,2.03324,1.22986,762.1172,22.90138,1.83845,6.16,0.140439,1.33919,0.140439,0.000225,0.000506,0.598284,341.391,0.000351,0.140439,430
8949,8.2,56.462,26.2,2.032,1.228,762.05,24.429,1.84,6.2,0.16,1.5257,0.16,0.0002,0.0005,0.6816,388.94,0.0 004,0.16,433
8968,8.231,56.55833,26.231,2.03076,1.22614,761.9892,25.95822,1.84155,6.23,0.177639,1.69392,0.177639,0.000284,0.00064,0.756759,431.8199,0.000444,0.177639,438
8987,8.271,56.68185,26.271,2.02916,1.22374,761.9067,27.93038,1.84355,6.27,0.197559,1.883872,0.197559,0.000316,0.000711,0.84162,480.2431,0.000494,0.197559,446
9006,8.334,57.00096,26.406,2.03608,1.22684,764.8925,29.51708,1.85242,6.32,0.212266,2.06534,0.222271,0.000404,0.000784,10.22323,513.3179,0.000583,0.211797,447
9025,8.329,56.86095,26.329,2.02684,1.22026,761.7869,30.79002,1.84645,6.32,0.220759,2.105101,0.220759,0.000353,0.000795,0.940455,536.6396,0.000552,0.220759,452
9044,8.369,56.98447,26.369,2.02524,1.21786,761.7044,32.76218,1.84845,6.36,0.232839,2.220293,0.232839,0.000373,0.000838,0.991916,566.0047,0.000582,0.232839,442
9063,8.4,57.080,26.4,2.024,1.216,761.64,34.290,1.85,6.4,0.24,2.2885,0.24,0.0003,0.0008,1.0224,583.41,0.0 006,0.24,444
9082,8.431,57.17593,26.431,2.02276,1.21414,761.5764,35.81902,1.85155,6.43,0.245239,2.338536,0.245239,0.000392,0.000883,1.044742,596.1477,0.000613,0.245239,444
9101,8.471,57.29945,26.471,2.02116,1.21174,761.4939,37.79118,1.85355,6.47,0.249159,2.375916,0.249159,0.000399,0.000897,1.061441,605.6767,0.000623,0.249159,441
9120,8.466,57.15944,26.394,2.01192,1.20516,758.3883,39.06412,1.84758,6.47,0.250151,2.426885,0.260191,0.000463,0.00092,10.30017,605.3147,0.000677,0.249673,442
9139,8.529,57.47855,26.529,2.01884,1.20826,761.3741,40.65082,1.85645,6.52,0.249159,2.375916,0.249159,0.000399,0.000897,1.061441,605.6767,0.000623,0.249159,442
9158,8.569,57.60207,26.569,2.01724,1.20586,761.2916,42.62298,1.85845,6.56,0.245239,2.338536,0.245239,0.000392,0.000883,1.044742,596.1477,0.000613,0.245239,443
9177,8.6,57.697,26.6,2.016,1.204,761.22,44.151,1.86,6.6,0.24,2.2885,0.24,0.0003,0.0008,1.0224,583.41,0.0 006,0.24,442
9196,8.631,57.79353,26.631,2.01476,1.20214,761.1636,45.67982,1.86155,6.63,0.232839,2.220293,0.232839,0.000373,0.000838,0.991916,566.0047,0.000582,0.232839,438
9215,8.671,57.91705,26.671,2.01316,1.19974,761.0811,47.65198,1.86355,6.67,0.220759,2.105101,0.220759,0.000353,0.000795,0.940455,536.6396,0.000552,0.220759,431
9234,8.734,58.23616,26.806,2.02008,1.20284,764.0669,49.23868,1.87242,6.72,0.212375,2.067609,0.222611,0.000403,0.000783,10.20312,513.3426,0.000584,0.21188,432
9253,8.729,58.09615,26.729,2.01084,1.19626,760.9613,50.51162,1.86645,6.72,0.197559,1.883872,0.197559,0.000316,0.000711,0.84162,480.2431,0.000494,0.197559,432
9272,8.769,58.21967,26.769,2.00924,1.19386,760.8788,52.48378,1.86845,6.76,0.177639,1.69392,0.177639,0.000284,0.00064,0.756759,431.8199,0.000444,0.177639,431
9291,8.8,58.315,26.8,2.008,1.192,760.81,54.012,1.87,6.8,0.16,1.5257,0.16,0.0002,0.0005,0.6816,388.94,0.0 004,0.16,437
9310,8.831,58.41113,26.831,2.00676,1.19014,760.7508,55.54062,1.87155,6.83,0.140439,1.33919,0.140439,0.000225,0.000506,0.598284,341.391,0.000351,0.140439,443
9329,8.871,58.53465,26.871,2.00516,1.18774,760.6683,57.51278,1.87355,6.87,0.112359,1.071427,0.112359,0.00018,0.000404,0.47866,273.1317,0.000281,0.112359,437
9348,8.898,58.61802,26.898,2.00408,1.18612,760.6125,58.84399,1.8749,6.89,0.091596,0.873436,0.091596,0.000147,0.00033,0.390208,222.6593,0.000229,0.091596,438
9367,8.929,58.71375,26.929,2.00284,1.18426,760.5485,60.37242,1.87645,6.92,0.065959,0.628968,0.065959,0.000106,0.000237,0.280992,160.3387,0.000165,0.065959,440
9386,8.969,58.83727,26.969,2.00124,1.18186,760.466,62.34458,1.87845,6.96,0.030039,0.286444,0.030039,4.81E-05,0.000108,0.127969,73.02134,7.51E-05,0.030039,442
